fecha_venta,var1(t-7 day),var1(t-6 day),var1(t-5 day),var1(t-4 day),var1(t-3 day),var1(t-2 day),var1(t-1 day),var1(t-5 week),var1(t-4 week),var1(t-3 week),var1(t-2 week),var1(t-1 week),var1(t),tipo_festivo,day,dayofweek,month,year,weekday
2021-06-05,309.0,357.0,240.0,207.0,171.0,153.0,228.0,402.0,276.0,216.0,306.0,309.0,321.0,0,5,6,6,2021,0
2021-06-06,357.0,240.0,207.0,171.0,153.0,228.0,321.0,369.0,345.0,324.0,453.0,357.0,318.0,0,6,7,6,2021,0
2021-06-07,240.0,207.0,171.0,153.0,228.0,321.0,318.0,228.0,174.0,177.0,141.0,240.0,204.0,0,7,1,6,2021,1
2021-06-08,207.0,171.0,153.0,228.0,321.0,318.0,204.0,237.0,174.0,216.0,210.0,207.0,231.0,0,8,2,6,2021,1
2021-06-09,171.0,153.0,228.0,321.0,318.0,204.0,231.0,288.0,180.0,162.0,243.0,171.0,198.0,0,9,3,6,2021,1
2021-06-10,153.0,228.0,321.0,318.0,204.0,231.0,198.0,144.0,228.0,177.0,171.0,153.0,174.0,0,10,4,6,2021,1
2021-06-11,228.0,321.0,318.0,204.0,231.0,198.0,174.0,252.0,216.0,189.0,234.0,228.0,258.0,0,11,5,6,2021,1
2021-06-12,321.0,318.0,204.0,231.0,198.0,174.0,258.0,276.0,216.0,306.0,309.0,321.0,231.0,0,12,6,6,2021,0
2021-06-13,318.0,204.0,231.0,198.0,174.0,258.0,231.0,345.0,324.0,453.0,357.0,318.0,249.0,0,13,7,6,2021,0
2021-06-14,204.0,231.0,198.0,174.0,258.0,231.0,249.0,174.0,177.0,141.0,240.0,204.0,180.0,0,14,1,6,2021,1
2021-06-15,231.0,198.0,174.0,258.0,231.0,249.0,180.0,174.0,216.0,210.0,207.0,231.0,135.0,0,15,2,6,2021,1
2021-06-16,198.0,174.0,258.0,231.0,249.0,180.0,135.0,180.0,162.0,243.0,171.0,198.0,204.0,0,16,3,6,2021,1
2021-06-17,174.0,258.0,231.0,249.0,180.0,135.0,204.0,228.0,177.0,171.0,153.0,174.0,207.0,0,17,4,6,2021,1
2021-06-18,258.0,231.0,249.0,180.0,135.0,204.0,207.0,216.0,189.0,234.0,228.0,258.0,288.0,0,18,5,6,2021,1
2021-06-19,231.0,249.0,180.0,135.0,204.0,207.0,288.0,216.0,306.0,309.0,321.0,231.0,399.0,0,19,6,6,2021,0
2021-06-20,249.0,180.0,135.0,204.0,207.0,288.0,399.0,324.0,453.0,357.0,318.0,249.0,384.0,0,20,7,6,2021,0
2021-06-21,180.0,135.0,204.0,207.0,288.0,399.0,384.0,177.0,141.0,240.0,204.0,180.0,207.0,0,21,1,6,2021,1
2021-06-22,135.0,204.0,207.0,288.0,399.0,384.0,207.0,216.0,210.0,207.0,231.0,135.0,189.0,0,22,2,6,2021,1
2021-06-23,204.0,207.0,288.0,399.0,384.0,207.0,189.0,162.0,243.0,171.0,198.0,204.0,177.0,0,23,3,6,2021,1
2021-06-24,207.0,288.0,399.0,384.0,207.0,189.0,177.0,177.0,171.0,153.0,174.0,207.0,186.0,0,24,4,6,2021,1
2021-06-25,288.0,399.0,384.0,207.0,189.0,177.0,186.0,189.0,234.0,228.0,258.0,288.0,240.0,0,25,5,6,2021,1
2021-06-26,399.0,384.0,207.0,189.0,177.0,186.0,240.0,306.0,309.0,321.0,231.0,399.0,216.0,0,26,6,6,2021,0
2021-06-27,384.0,207.0,189.0,177.0,186.0,240.0,216.0,453.0,357.0,318.0,249.0,384.0,381.0,0,27,7,6,2021,0
2021-06-28,207.0,189.0,177.0,186.0,240.0,216.0,381.0,141.0,240.0,204.0,180.0,207.0,168.0,0,28,1,6,2021,1
2021-06-29,189.0,177.0,186.0,240.0,216.0,381.0,168.0,210.0,207.0,231.0,135.0,189.0,204.0,0,29,2,6,2021,1
2021-06-30,177.0,186.0,240.0,216.0,381.0,168.0,204.0,243.0,171.0,198.0,204.0,177.0,204.0,0,30,3,6,2021,1
2021-07-01,186.0,240.0,216.0,381.0,168.0,204.0,204.0,171.0,153.0,174.0,207.0,186.0,246.0,0,1,4,7,2021,1
2021-07-02,240.0,216.0,381.0,168.0,204.0,204.0,246.0,234.0,228.0,258.0,288.0,240.0,315.0,0,2,5,7,2021,1
2021-07-03,216.0,381.0,168.0,204.0,204.0,246.0,315.0,309.0,321.0,231.0,399.0,216.0,288.0,0,3,6,7,2021,0
2021-07-04,381.0,168.0,204.0,204.0,246.0,315.0,288.0,357.0,318.0,249.0,384.0,381.0,249.0,0,4,7,7,2021,0
2021-07-05,168.0,204.0,204.0,246.0,315.0,288.0,249.0,240.0,204.0,180.0,207.0,168.0,240.0,0,5,1,7,2021,1
2021-07-06,204.0,204.0,246.0,315.0,288.0,249.0,240.0,207.0,231.0,135.0,189.0,204.0,204.0,0,6,2,7,2021,1
2021-07-07,204.0,246.0,315.0,288.0,249.0,240.0,204.0,171.0,198.0,204.0,177.0,204.0,177.0,0,7,3,7,2021,1
2021-07-08,246.0,315.0,288.0,249.0,240.0,204.0,177.0,153.0,174.0,207.0,186.0,246.0,213.0,0,8,4,7,2021,1
2021-07-09,315.0,288.0,249.0,240.0,204.0,177.0,213.0,228.0,258.0,288.0,240.0,315.0,264.0,0,9,5,7,2021,1
2021-07-10,288.0,249.0,240.0,204.0,177.0,213.0,264.0,321.0,231.0,399.0,216.0,288.0,306.0,0,10,6,7,2021,0
2021-07-11,249.0,240.0,204.0,177.0,213.0,264.0,306.0,318.0,249.0,384.0,381.0,249.0,459.0,0,11,7,7,2021,0
2021-07-12,240.0,204.0,177.0,213.0,264.0,306.0,459.0,204.0,180.0,207.0,168.0,240.0,297.0,0,12,1,7,2021,1
2021-07-13,204.0,177.0,213.0,264.0,306.0,459.0,297.0,231.0,135.0,189.0,204.0,204.0,270.0,0,13,2,7,2021,1
2021-07-14,177.0,213.0,264.0,306.0,459.0,297.0,270.0,198.0,204.0,177.0,204.0,177.0,204.0,0,14,3,7,2021,1
2021-07-15,213.0,264.0,306.0,459.0,297.0,270.0,204.0,174.0,207.0,186.0,246.0,213.0,333.0,0,15,4,7,2021,1
2021-07-16,264.0,306.0,459.0,297.0,270.0,204.0,333.0,258.0,288.0,240.0,315.0,264.0,315.0,0,16,5,7,2021,1
2021-07-17,306.0,459.0,297.0,270.0,204.0,333.0,315.0,231.0,399.0,216.0,288.0,306.0,201.0,0,17,6,7,2021,0
2021-07-18,459.0,297.0,270.0,204.0,333.0,315.0,201.0,249.0,384.0,381.0,249.0,459.0,450.0,0,18,7,7,2021,0
2021-07-19,297.0,270.0,204.0,333.0,315.0,201.0,450.0,180.0,207.0,168.0,240.0,297.0,240.0,0,19,1,7,2021,1
2021-07-20,270.0,204.0,333.0,315.0,201.0,450.0,240.0,135.0,189.0,204.0,204.0,270.0,294.0,0,20,2,7,2021,1
2021-07-21,204.0,333.0,315.0,201.0,450.0,240.0,294.0,204.0,177.0,204.0,177.0,204.0,246.0,0,21,3,7,2021,1
2021-07-22,333.0,315.0,201.0,450.0,240.0,294.0,246.0,207.0,186.0,246.0,213.0,333.0,240.0,0,22,4,7,2021,1
2021-07-23,315.0,201.0,450.0,240.0,294.0,246.0,240.0,288.0,240.0,315.0,264.0,315.0,228.0,0,23,5,7,2021,1
2021-07-24,201.0,450.0,240.0,294.0,246.0,240.0,228.0,399.0,216.0,288.0,306.0,201.0,285.0,0,24,6,7,2021,0
2021-07-25,450.0,240.0,294.0,246.0,240.0,228.0,285.0,384.0,381.0,249.0,459.0,450.0,309.0,0,25,7,7,2021,0
2021-07-26,240.0,294.0,246.0,240.0,228.0,285.0,309.0,207.0,168.0,240.0,297.0,240.0,294.0,0,26,1,7,2021,1
2021-07-27,294.0,246.0,240.0,228.0,285.0,309.0,294.0,189.0,204.0,204.0,270.0,294.0,240.0,0,27,2,7,2021,1
2021-07-28,246.0,240.0,228.0,285.0,309.0,294.0,240.0,177.0,204.0,177.0,204.0,246.0,297.0,0,28,3,7,2021,1
2021-07-29,240.0,228.0,285.0,309.0,294.0,240.0,297.0,186.0,246.0,213.0,333.0,240.0,279.0,0,29,4,7,2021,1
2021-07-30,228.0,285.0,309.0,294.0,240.0,297.0,279.0,240.0,315.0,264.0,315.0,228.0,261.0,0,30,5,7,2021,1
2021-07-31,285.0,309.0,294.0,240.0,297.0,279.0,261.0,216.0,288.0,306.0,201.0,285.0,333.0,0,31,6,7,2021,0
2021-08-01,309.0,294.0,240.0,297.0,279.0,261.0,333.0,381.0,249.0,459.0,450.0,309.0,354.0,0,1,7,8,2021,0
2021-08-02,294.0,240.0,297.0,279.0,261.0,333.0,354.0,168.0,240.0,297.0,240.0,294.0,357.0,0,2,1,8,2021,1
2021-08-03,240.0,297.0,279.0,261.0,333.0,354.0,357.0,204.0,204.0,270.0,294.0,240.0,279.0,0,3,2,8,2021,1
2021-08-04,297.0,279.0,261.0,333.0,354.0,357.0,279.0,204.0,177.0,204.0,246.0,297.0,225.0,0,4,3,8,2021,1
2021-08-05,279.0,261.0,333.0,354.0,357.0,279.0,225.0,246.0,213.0,333.0,240.0,279.0,198.0,0,5,4,8,2021,1
2021-08-06,261.0,333.0,354.0,357.0,279.0,225.0,198.0,315.0,264.0,315.0,228.0,261.0,267.0,0,6,5,8,2021,1
2021-08-07,333.0,354.0,357.0,279.0,225.0,198.0,267.0,288.0,306.0,201.0,285.0,333.0,264.0,0,7,6,8,2021,0
2021-08-08,354.0,357.0,279.0,225.0,198.0,267.0,264.0,249.0,459.0,450.0,309.0,354.0,369.0,0,8,7,8,2021,0
2021-08-09,357.0,279.0,225.0,198.0,267.0,264.0,369.0,240.0,297.0,240.0,294.0,357.0,144.0,0,9,1,8,2021,1
2021-08-10,279.0,225.0,198.0,267.0,264.0,369.0,144.0,204.0,270.0,294.0,240.0,279.0,243.0,0,10,2,8,2021,1
2021-08-11,225.0,198.0,267.0,264.0,369.0,144.0,243.0,177.0,204.0,246.0,297.0,225.0,138.0,0,11,3,8,2021,1
2021-08-12,198.0,267.0,264.0,369.0,144.0,243.0,138.0,213.0,333.0,240.0,279.0,198.0,249.0,0,12,4,8,2021,1
2021-08-13,267.0,264.0,369.0,144.0,243.0,138.0,249.0,264.0,315.0,228.0,261.0,267.0,276.0,0,13,5,8,2021,1
2021-08-14,264.0,369.0,144.0,243.0,138.0,249.0,276.0,306.0,201.0,285.0,333.0,264.0,246.0,0,14,6,8,2021,0
2021-08-15,369.0,144.0,243.0,138.0,249.0,276.0,246.0,459.0,450.0,309.0,354.0,369.0,276.0,0,15,7,8,2021,0
2021-08-16,144.0,243.0,138.0,249.0,276.0,246.0,276.0,297.0,240.0,294.0,357.0,144.0,369.0,0,16,1,8,2021,1
2021-08-17,243.0,138.0,249.0,276.0,246.0,276.0,369.0,270.0,294.0,240.0,279.0,243.0,270.0,0,17,2,8,2021,1
2021-08-18,138.0,249.0,276.0,246.0,276.0,369.0,270.0,204.0,246.0,297.0,225.0,138.0,150.0,0,18,3,8,2021,1
2021-08-19,249.0,276.0,246.0,276.0,369.0,270.0,150.0,333.0,240.0,279.0,198.0,249.0,240.0,0,19,4,8,2021,1
2021-08-20,276.0,246.0,276.0,369.0,270.0,150.0,240.0,315.0,228.0,261.0,267.0,276.0,246.0,0,20,5,8,2021,1
2021-08-21,246.0,276.0,369.0,270.0,150.0,240.0,246.0,201.0,285.0,333.0,264.0,246.0,249.0,0,21,6,8,2021,0
2021-08-22,276.0,369.0,270.0,150.0,240.0,246.0,249.0,450.0,309.0,354.0,369.0,276.0,276.0,0,22,7,8,2021,0
2021-08-23,369.0,270.0,150.0,240.0,246.0,249.0,276.0,240.0,294.0,357.0,144.0,369.0,204.0,0,23,1,8,2021,1
2021-08-24,270.0,150.0,240.0,246.0,249.0,276.0,204.0,294.0,240.0,279.0,243.0,270.0,135.0,0,24,2,8,2021,1
2021-08-25,150.0,240.0,246.0,249.0,276.0,204.0,135.0,246.0,297.0,225.0,138.0,150.0,201.0,0,25,3,8,2021,1
2021-08-26,240.0,246.0,249.0,276.0,204.0,135.0,201.0,240.0,279.0,198.0,249.0,240.0,153.0,0,26,4,8,2021,1
2021-08-27,246.0,249.0,276.0,204.0,135.0,201.0,153.0,228.0,261.0,267.0,276.0,246.0,210.0,0,27,5,8,2021,1
2021-08-28,249.0,276.0,204.0,135.0,201.0,153.0,210.0,285.0,333.0,264.0,246.0,249.0,261.0,0,28,6,8,2021,0
2021-08-29,276.0,204.0,135.0,201.0,153.0,210.0,261.0,309.0,354.0,369.0,276.0,276.0,300.0,0,29,7,8,2021,0
2021-08-30,204.0,135.0,201.0,153.0,210.0,261.0,300.0,294.0,357.0,144.0,369.0,204.0,207.0,0,30,1,8,2021,1
2021-08-31,135.0,201.0,153.0,210.0,261.0,300.0,207.0,240.0,279.0,243.0,270.0,135.0,177.0,0,31,2,8,2021,1
2021-09-01,201.0,153.0,210.0,261.0,300.0,207.0,177.0,297.0,225.0,138.0,150.0,201.0,264.0,0,1,3,9,2021,1
2021-09-02,153.0,210.0,261.0,300.0,207.0,177.0,264.0,279.0,198.0,249.0,240.0,153.0,144.0,0,2,4,9,2021,1
2021-09-03,210.0,261.0,300.0,207.0,177.0,264.0,144.0,261.0,267.0,276.0,246.0,210.0,135.0,0,3,5,9,2021,1
2021-09-04,261.0,300.0,207.0,177.0,264.0,144.0,135.0,333.0,264.0,246.0,249.0,261.0,246.0,0,4,6,9,2021,0
2021-09-05,300.0,207.0,177.0,264.0,144.0,135.0,246.0,354.0,369.0,276.0,276.0,300.0,333.0,0,5,7,9,2021,0
2021-09-06,207.0,177.0,264.0,144.0,135.0,246.0,333.0,357.0,144.0,369.0,204.0,207.0,192.0,0,6,1,9,2021,1
2021-09-07,177.0,264.0,144.0,135.0,246.0,333.0,192.0,279.0,243.0,270.0,135.0,177.0,174.0,0,7,2,9,2021,1
2021-09-08,264.0,144.0,135.0,246.0,333.0,192.0,174.0,225.0,138.0,150.0,201.0,264.0,126.0,0,8,3,9,2021,1
2021-09-09,144.0,135.0,246.0,333.0,192.0,174.0,126.0,198.0,249.0,240.0,153.0,144.0,138.0,0,9,4,9,2021,1
2021-09-10,135.0,246.0,333.0,192.0,174.0,126.0,138.0,267.0,276.0,246.0,210.0,135.0,177.0,0,10,5,9,2021,1
2021-09-11,246.0,333.0,192.0,174.0,126.0,138.0,177.0,264.0,246.0,249.0,261.0,246.0,222.0,0,11,6,9,2021,0
2021-09-12,333.0,192.0,174.0,126.0,138.0,177.0,222.0,369.0,276.0,276.0,300.0,333.0,354.0,0,12,7,9,2021,0
2021-09-13,192.0,174.0,126.0,138.0,177.0,222.0,354.0,144.0,369.0,204.0,207.0,192.0,174.0,0,13,1,9,2021,1
2021-09-14,174.0,126.0,138.0,177.0,222.0,354.0,174.0,243.0,270.0,135.0,177.0,174.0,219.0,0,14,2,9,2021,1
2021-09-15,126.0,138.0,177.0,222.0,354.0,174.0,219.0,138.0,150.0,201.0,264.0,126.0,177.0,0,15,3,9,2021,1
2021-09-16,138.0,177.0,222.0,354.0,174.0,219.0,177.0,249.0,240.0,153.0,144.0,138.0,270.0,0,16,4,9,2021,1
2021-09-17,177.0,222.0,354.0,174.0,219.0,177.0,270.0,276.0,246.0,210.0,135.0,177.0,165.0,0,17,5,9,2021,1
2021-09-18,222.0,354.0,174.0,219.0,177.0,270.0,165.0,246.0,249.0,261.0,246.0,222.0,249.0,0,18,6,9,2021,0
2021-09-19,354.0,174.0,219.0,177.0,270.0,165.0,249.0,276.0,276.0,300.0,333.0,354.0,294.0,0,19,7,9,2021,0
2021-09-20,174.0,219.0,177.0,270.0,165.0,249.0,294.0,369.0,204.0,207.0,192.0,174.0,177.0,0,20,1,9,2021,1
2021-09-21,219.0,177.0,270.0,165.0,249.0,294.0,177.0,270.0,135.0,177.0,174.0,219.0,159.0,0,21,2,9,2021,1
2021-09-22,177.0,270.0,165.0,249.0,294.0,177.0,159.0,150.0,201.0,264.0,126.0,177.0,207.0,0,22,3,9,2021,1
2021-09-23,270.0,165.0,249.0,294.0,177.0,159.0,207.0,240.0,153.0,144.0,138.0,270.0,138.0,0,23,4,9,2021,1
2021-09-24,165.0,249.0,294.0,177.0,159.0,207.0,138.0,246.0,210.0,135.0,177.0,165.0,216.0,0,24,5,9,2021,1
2021-09-25,249.0,294.0,177.0,159.0,207.0,138.0,216.0,249.0,261.0,246.0,222.0,249.0,204.0,0,25,6,9,2021,0
2021-09-26,294.0,177.0,159.0,207.0,138.0,216.0,204.0,276.0,300.0,333.0,354.0,294.0,324.0,0,26,7,9,2021,0
2021-09-27,177.0,159.0,207.0,138.0,216.0,204.0,324.0,204.0,207.0,192.0,174.0,177.0,141.0,0,27,1,9,2021,1
2021-09-28,159.0,207.0,138.0,216.0,204.0,324.0,141.0,135.0,177.0,174.0,219.0,159.0,141.0,0,28,2,9,2021,1
2021-09-29,207.0,138.0,216.0,204.0,324.0,141.0,141.0,201.0,264.0,126.0,177.0,207.0,183.0,0,29,3,9,2021,1
2021-09-30,138.0,216.0,204.0,324.0,141.0,141.0,183.0,153.0,144.0,138.0,270.0,138.0,240.0,0,30,4,9,2021,1
2021-10-01,216.0,204.0,324.0,141.0,141.0,183.0,240.0,210.0,135.0,177.0,165.0,216.0,138.0,0,1,5,10,2021,1
2021-10-02,204.0,324.0,141.0,141.0,183.0,240.0,138.0,261.0,246.0,222.0,249.0,204.0,276.0,0,2,6,10,2021,0
2021-10-03,324.0,141.0,141.0,183.0,240.0,138.0,276.0,300.0,333.0,354.0,294.0,324.0,357.0,0,3,7,10,2021,0
2021-10-04,141.0,141.0,183.0,240.0,138.0,276.0,357.0,207.0,192.0,174.0,177.0,141.0,222.0,0,4,1,10,2021,1
2021-10-05,141.0,183.0,240.0,138.0,276.0,357.0,222.0,177.0,174.0,219.0,159.0,141.0,168.0,0,5,2,10,2021,1
2021-10-06,183.0,240.0,138.0,276.0,357.0,222.0,168.0,264.0,126.0,177.0,207.0,183.0,168.0,0,6,3,10,2021,1
2021-10-07,240.0,138.0,276.0,357.0,222.0,168.0,168.0,144.0,138.0,270.0,138.0,240.0,132.0,0,7,4,10,2021,1
2021-10-08,138.0,276.0,357.0,222.0,168.0,168.0,132.0,135.0,177.0,165.0,216.0,138.0,153.0,0,8,5,10,2021,1
2021-10-09,276.0,357.0,222.0,168.0,168.0,132.0,153.0,246.0,222.0,249.0,204.0,276.0,324.0,0,9,6,10,2021,0
2021-10-10,357.0,222.0,168.0,168.0,132.0,153.0,324.0,333.0,354.0,294.0,324.0,357.0,318.0,0,10,7,10,2021,0
2021-10-11,222.0,168.0,168.0,132.0,153.0,324.0,318.0,192.0,174.0,177.0,141.0,222.0,264.0,0,11,1,10,2021,1
2021-10-12,168.0,168.0,132.0,153.0,324.0,318.0,264.0,174.0,219.0,159.0,141.0,168.0,375.0,1,12,2,10,2021,1
2021-10-13,168.0,132.0,153.0,324.0,318.0,264.0,375.0,126.0,177.0,207.0,183.0,168.0,150.0,0,13,3,10,2021,1
2021-10-14,132.0,153.0,324.0,318.0,264.0,375.0,150.0,138.0,270.0,138.0,240.0,132.0,114.0,0,14,4,10,2021,1
2021-10-15,153.0,324.0,318.0,264.0,375.0,150.0,114.0,177.0,165.0,216.0,138.0,153.0,246.0,0,15,5,10,2021,1
2021-10-16,324.0,318.0,264.0,375.0,150.0,114.0,246.0,222.0,249.0,204.0,276.0,324.0,273.0,0,16,6,10,2021,0
2021-10-17,318.0,264.0,375.0,150.0,114.0,246.0,273.0,354.0,294.0,324.0,357.0,318.0,288.0,0,17,7,10,2021,0
2021-10-18,264.0,375.0,150.0,114.0,246.0,273.0,288.0,174.0,177.0,141.0,222.0,264.0,204.0,0,18,1,10,2021,1
2021-10-19,375.0,150.0,114.0,246.0,273.0,288.0,204.0,219.0,159.0,141.0,168.0,375.0,174.0,0,19,2,10,2021,1
2021-10-20,150.0,114.0,246.0,273.0,288.0,204.0,174.0,177.0,207.0,183.0,168.0,150.0,201.0,0,20,3,10,2021,1
2021-10-21,114.0,246.0,273.0,288.0,204.0,174.0,201.0,270.0,138.0,240.0,132.0,114.0,219.0,0,21,4,10,2021,1
2021-10-22,246.0,273.0,288.0,204.0,174.0,201.0,219.0,165.0,216.0,138.0,153.0,246.0,234.0,0,22,5,10,2021,1
2021-10-23,273.0,288.0,204.0,174.0,201.0,219.0,234.0,249.0,204.0,276.0,324.0,273.0,366.0,0,23,6,10,2021,0
2021-10-24,288.0,204.0,174.0,201.0,219.0,234.0,366.0,294.0,324.0,357.0,318.0,288.0,369.0,0,24,7,10,2021,0
2021-10-25,204.0,174.0,201.0,219.0,234.0,366.0,369.0,177.0,141.0,222.0,264.0,204.0,234.0,0,25,1,10,2021,1
2021-10-26,174.0,201.0,219.0,234.0,366.0,369.0,234.0,159.0,141.0,168.0,375.0,174.0,204.0,0,26,2,10,2021,1
2021-10-27,201.0,219.0,234.0,366.0,369.0,234.0,204.0,207.0,183.0,168.0,150.0,201.0,234.0,0,27,3,10,2021,1
2021-10-28,219.0,234.0,366.0,369.0,234.0,204.0,234.0,138.0,240.0,132.0,114.0,219.0,231.0,0,28,4,10,2021,1
2021-10-29,234.0,366.0,369.0,234.0,204.0,234.0,231.0,216.0,138.0,153.0,246.0,234.0,264.0,0,29,5,10,2021,1
2021-10-30,366.0,369.0,234.0,204.0,234.0,231.0,264.0,204.0,276.0,324.0,273.0,366.0,276.0,0,30,6,10,2021,0
2021-10-31,369.0,234.0,204.0,234.0,231.0,264.0,276.0,324.0,357.0,318.0,288.0,369.0,411.0,0,31,7,10,2021,0
2021-11-01,234.0,204.0,234.0,231.0,264.0,276.0,411.0,141.0,222.0,264.0,204.0,234.0,351.0,0,1,1,11,2021,1
2021-11-02,204.0,234.0,231.0,264.0,276.0,411.0,351.0,141.0,168.0,375.0,174.0,204.0,189.0,0,2,2,11,2021,1
2021-11-03,234.0,231.0,264.0,276.0,411.0,351.0,189.0,183.0,168.0,150.0,201.0,234.0,216.0,0,3,3,11,2021,1
2021-11-04,231.0,264.0,276.0,411.0,351.0,189.0,216.0,240.0,132.0,114.0,219.0,231.0,294.0,0,4,4,11,2021,1
2021-11-05,264.0,276.0,411.0,351.0,189.0,216.0,294.0,138.0,153.0,246.0,234.0,264.0,342.0,0,5,5,11,2021,1
2021-11-06,276.0,411.0,351.0,189.0,216.0,294.0,342.0,276.0,324.0,273.0,366.0,276.0,261.0,0,6,6,11,2021,0
2021-11-07,411.0,351.0,189.0,216.0,294.0,342.0,261.0,357.0,318.0,288.0,369.0,411.0,414.0,0,7,7,11,2021,0
2021-11-08,351.0,189.0,216.0,294.0,342.0,261.0,414.0,222.0,264.0,204.0,234.0,351.0,165.0,0,8,1,11,2021,1
2021-11-09,189.0,216.0,294.0,342.0,261.0,414.0,165.0,168.0,375.0,174.0,204.0,189.0,192.0,0,9,2,11,2021,1
2021-11-10,216.0,294.0,342.0,261.0,414.0,165.0,192.0,168.0,150.0,201.0,234.0,216.0,210.0,0,10,3,11,2021,1
2021-11-11,294.0,342.0,261.0,414.0,165.0,192.0,210.0,132.0,114.0,219.0,231.0,294.0,201.0,0,11,4,11,2021,1
2021-11-12,342.0,261.0,414.0,165.0,192.0,210.0,201.0,153.0,246.0,234.0,264.0,342.0,234.0,0,12,5,11,2021,1
2021-11-13,261.0,414.0,165.0,192.0,210.0,201.0,234.0,324.0,273.0,366.0,276.0,261.0,321.0,0,13,6,11,2021,0
2021-11-14,414.0,165.0,192.0,210.0,201.0,234.0,321.0,318.0,288.0,369.0,411.0,414.0,303.0,0,14,7,11,2021,0
2021-11-15,165.0,192.0,210.0,201.0,234.0,321.0,303.0,264.0,204.0,234.0,351.0,165.0,312.0,0,15,1,11,2021,1
2021-11-16,192.0,210.0,201.0,234.0,321.0,303.0,312.0,375.0,174.0,204.0,189.0,192.0,174.0,0,16,2,11,2021,1
2021-11-17,210.0,201.0,234.0,321.0,303.0,312.0,174.0,150.0,201.0,234.0,216.0,210.0,198.0,0,17,3,11,2021,1
2021-11-18,201.0,234.0,321.0,303.0,312.0,174.0,198.0,114.0,219.0,231.0,294.0,201.0,198.0,0,18,4,11,2021,1
2021-11-19,234.0,321.0,303.0,312.0,174.0,198.0,198.0,246.0,234.0,264.0,342.0,234.0,240.0,0,19,5,11,2021,1
2021-11-20,321.0,303.0,312.0,174.0,198.0,198.0,240.0,273.0,366.0,276.0,261.0,321.0,267.0,0,20,6,11,2021,0
2021-11-21,303.0,312.0,174.0,198.0,198.0,240.0,267.0,288.0,369.0,411.0,414.0,303.0,372.0,0,21,7,11,2021,0
2021-11-22,312.0,174.0,198.0,198.0,240.0,267.0,372.0,204.0,234.0,351.0,165.0,312.0,270.0,0,22,1,11,2021,1
2021-11-23,174.0,198.0,198.0,240.0,267.0,372.0,270.0,174.0,204.0,189.0,192.0,174.0,282.0,0,23,2,11,2021,1
2021-11-24,198.0,198.0,240.0,267.0,372.0,270.0,282.0,201.0,234.0,216.0,210.0,198.0,213.0,0,24,3,11,2021,1
2021-11-25,198.0,240.0,267.0,372.0,270.0,282.0,213.0,219.0,231.0,294.0,201.0,198.0,261.0,0,25,4,11,2021,1
2021-11-26,240.0,267.0,372.0,270.0,282.0,213.0,261.0,234.0,264.0,342.0,234.0,240.0,198.0,0,26,5,11,2021,1
2021-11-27,267.0,372.0,270.0,282.0,213.0,261.0,198.0,366.0,276.0,261.0,321.0,267.0,276.0,0,27,6,11,2021,0
2021-11-28,372.0,270.0,282.0,213.0,261.0,198.0,276.0,369.0,411.0,414.0,303.0,372.0,342.0,0,28,7,11,2021,0
2021-11-29,270.0,282.0,213.0,261.0,198.0,276.0,342.0,234.0,351.0,165.0,312.0,270.0,174.0,0,29,1,11,2021,1
2021-11-30,282.0,213.0,261.0,198.0,276.0,342.0,174.0,204.0,189.0,192.0,174.0,282.0,183.0,0,30,2,11,2021,1
2021-12-01,213.0,261.0,198.0,276.0,342.0,174.0,183.0,234.0,216.0,210.0,198.0,213.0,237.0,0,1,3,12,2021,1
2021-12-02,261.0,198.0,276.0,342.0,174.0,183.0,237.0,231.0,294.0,201.0,198.0,261.0,207.0,0,2,4,12,2021,1
2021-12-03,198.0,276.0,342.0,174.0,183.0,237.0,207.0,264.0,342.0,234.0,240.0,198.0,306.0,0,3,5,12,2021,1
2021-12-04,276.0,342.0,174.0,183.0,237.0,207.0,306.0,276.0,261.0,321.0,267.0,276.0,237.0,0,4,6,12,2021,0
2021-12-05,342.0,174.0,183.0,237.0,207.0,306.0,237.0,411.0,414.0,303.0,372.0,342.0,246.0,0,5,7,12,2021,0
2021-12-06,174.0,183.0,237.0,207.0,306.0,237.0,246.0,351.0,165.0,312.0,270.0,174.0,321.0,0,6,1,12,2021,1
2021-12-07,183.0,237.0,207.0,306.0,237.0,246.0,321.0,189.0,192.0,174.0,282.0,183.0,282.0,0,7,2,12,2021,1
2021-12-08,237.0,207.0,306.0,237.0,246.0,321.0,282.0,216.0,210.0,198.0,213.0,237.0,291.0,0,8,3,12,2021,1
2021-12-09,207.0,306.0,237.0,246.0,321.0,282.0,291.0,294.0,201.0,198.0,261.0,207.0,210.0,0,9,4,12,2021,1
2021-12-10,306.0,237.0,246.0,321.0,282.0,291.0,210.0,342.0,234.0,240.0,198.0,306.0,294.0,0,10,5,12,2021,1
2021-12-11,237.0,246.0,321.0,282.0,291.0,210.0,294.0,261.0,321.0,267.0,276.0,237.0,324.0,0,11,6,12,2021,0
2021-12-12,246.0,321.0,282.0,291.0,210.0,294.0,324.0,414.0,303.0,372.0,342.0,246.0,231.0,0,12,7,12,2021,0
2021-12-13,321.0,282.0,291.0,210.0,294.0,324.0,231.0,165.0,312.0,270.0,174.0,321.0,189.0,0,13,1,12,2021,1
2021-12-14,282.0,291.0,210.0,294.0,324.0,231.0,189.0,192.0,174.0,282.0,183.0,282.0,240.0,0,14,2,12,2021,1
2021-12-15,291.0,210.0,294.0,324.0,231.0,189.0,240.0,210.0,198.0,213.0,237.0,291.0,204.0,0,15,3,12,2021,1
2021-12-16,210.0,294.0,324.0,231.0,189.0,240.0,204.0,201.0,198.0,261.0,207.0,210.0,219.0,0,16,4,12,2021,1
2021-12-17,294.0,324.0,231.0,189.0,240.0,204.0,219.0,234.0,240.0,198.0,306.0,294.0,234.0,0,17,5,12,2021,1
2021-12-18,324.0,231.0,189.0,240.0,204.0,219.0,234.0,321.0,267.0,276.0,237.0,324.0,285.0,0,18,6,12,2021,0
2021-12-19,231.0,189.0,240.0,204.0,219.0,234.0,285.0,303.0,372.0,342.0,246.0,231.0,315.0,0,19,7,12,2021,0
2021-12-20,189.0,240.0,204.0,219.0,234.0,285.0,315.0,312.0,270.0,174.0,321.0,189.0,201.0,0,20,1,12,2021,1
2021-12-21,240.0,204.0,219.0,234.0,285.0,315.0,201.0,174.0,282.0,183.0,282.0,240.0,207.0,0,21,2,12,2021,1
2021-12-22,204.0,219.0,234.0,285.0,315.0,201.0,207.0,198.0,213.0,237.0,291.0,204.0,270.0,0,22,3,12,2021,1
2021-12-23,219.0,234.0,285.0,315.0,201.0,207.0,270.0,198.0,261.0,207.0,210.0,219.0,231.0,0,23,4,12,2021,1
2021-12-24,234.0,285.0,315.0,201.0,207.0,270.0,231.0,240.0,198.0,306.0,294.0,234.0,204.0,0,24,5,12,2021,1
2021-12-25,285.0,315.0,201.0,207.0,270.0,231.0,204.0,267.0,276.0,237.0,324.0,285.0,246.0,0,25,6,12,2021,0
2021-12-26,315.0,201.0,207.0,270.0,231.0,204.0,246.0,372.0,342.0,246.0,231.0,315.0,345.0,0,26,7,12,2021,0
2021-12-27,201.0,207.0,270.0,231.0,204.0,246.0,345.0,270.0,174.0,321.0,189.0,201.0,249.0,0,27,1,12,2021,1
2021-12-28,207.0,270.0,231.0,204.0,246.0,345.0,249.0,282.0,183.0,282.0,240.0,207.0,231.0,0,28,2,12,2021,1
2021-12-29,270.0,231.0,204.0,246.0,345.0,249.0,231.0,213.0,237.0,291.0,204.0,270.0,264.0,0,29,3,12,2021,1
2021-12-30,231.0,204.0,246.0,345.0,249.0,231.0,264.0,261.0,207.0,210.0,219.0,231.0,279.0,0,30,4,12,2021,1
2021-12-31,204.0,246.0,345.0,249.0,231.0,264.0,279.0,198.0,306.0,294.0,234.0,204.0,291.0,0,31,5,12,2021,1
2022-01-01,246.0,345.0,249.0,231.0,264.0,279.0,291.0,276.0,237.0,324.0,285.0,246.0,342.0,1,1,6,1,2022,0
2022-01-02,345.0,249.0,231.0,264.0,279.0,291.0,342.0,342.0,246.0,231.0,315.0,345.0,270.0,0,2,7,1,2022,0
2022-01-03,249.0,231.0,264.0,279.0,291.0,342.0,270.0,174.0,321.0,189.0,201.0,249.0,246.0,0,3,1,1,2022,1
2022-01-04,231.0,264.0,279.0,291.0,342.0,270.0,246.0,183.0,282.0,240.0,207.0,231.0,201.0,0,4,2,1,2022,1
2022-01-05,264.0,279.0,291.0,342.0,270.0,246.0,201.0,237.0,291.0,204.0,270.0,264.0,186.0,0,5,3,1,2022,1
2022-01-06,279.0,291.0,342.0,270.0,246.0,201.0,186.0,207.0,210.0,219.0,231.0,279.0,207.0,0,6,4,1,2022,1
2022-01-07,291.0,342.0,270.0,246.0,201.0,186.0,207.0,306.0,294.0,234.0,204.0,291.0,237.0,0,7,5,1,2022,1
2022-01-08,342.0,270.0,246.0,201.0,186.0,207.0,237.0,237.0,324.0,285.0,246.0,342.0,315.0,0,8,6,1,2022,0
2022-01-09,270.0,246.0,201.0,186.0,207.0,237.0,315.0,246.0,231.0,315.0,345.0,270.0,342.0,0,9,7,1,2022,0
2022-01-10,246.0,201.0,186.0,207.0,237.0,315.0,342.0,321.0,189.0,201.0,249.0,246.0,216.0,0,10,1,1,2022,1
2022-01-11,201.0,186.0,207.0,237.0,315.0,342.0,216.0,282.0,240.0,207.0,231.0,201.0,186.0,0,11,2,1,2022,1
2022-01-12,186.0,207.0,237.0,315.0,342.0,216.0,186.0,291.0,204.0,270.0,264.0,186.0,174.0,0,12,3,1,2022,1
2022-01-13,207.0,237.0,315.0,342.0,216.0,186.0,174.0,210.0,219.0,231.0,279.0,207.0,156.0,0,13,4,1,2022,1
2022-01-14,237.0,315.0,342.0,216.0,186.0,174.0,156.0,294.0,234.0,204.0,291.0,237.0,324.0,0,14,5,1,2022,1
2022-01-15,315.0,342.0,216.0,186.0,174.0,156.0,324.0,324.0,285.0,246.0,342.0,315.0,354.0,0,15,6,1,2022,0
2022-01-16,342.0,216.0,186.0,174.0,156.0,324.0,354.0,231.0,315.0,345.0,270.0,342.0,306.0,0,16,7,1,2022,0
2022-01-17,216.0,186.0,174.0,156.0,324.0,354.0,306.0,189.0,201.0,249.0,246.0,216.0,162.0,0,17,1,1,2022,1
2022-01-18,186.0,174.0,156.0,324.0,354.0,306.0,162.0,240.0,207.0,231.0,201.0,186.0,216.0,0,18,2,1,2022,1
2022-01-19,174.0,156.0,324.0,354.0,306.0,162.0,216.0,204.0,270.0,264.0,186.0,174.0,213.0,0,19,3,1,2022,1
2022-01-20,156.0,324.0,354.0,306.0,162.0,216.0,213.0,219.0,231.0,279.0,207.0,156.0,225.0,0,20,4,1,2022,1
2022-01-21,324.0,354.0,306.0,162.0,216.0,213.0,225.0,234.0,204.0,291.0,237.0,324.0,243.0,0,21,5,1,2022,1
2022-01-22,354.0,306.0,162.0,216.0,213.0,225.0,243.0,285.0,246.0,342.0,315.0,354.0,264.0,0,22,6,1,2022,0
2022-01-23,306.0,162.0,216.0,213.0,225.0,243.0,264.0,315.0,345.0,270.0,342.0,306.0,333.0,0,23,7,1,2022,0
2022-01-24,162.0,216.0,213.0,225.0,243.0,264.0,333.0,201.0,249.0,246.0,216.0,162.0,186.0,0,24,1,1,2022,1
2022-01-25,216.0,213.0,225.0,243.0,264.0,333.0,186.0,207.0,231.0,201.0,186.0,216.0,216.0,0,25,2,1,2022,1
2022-01-26,213.0,225.0,243.0,264.0,333.0,186.0,216.0,270.0,264.0,186.0,174.0,213.0,210.0,0,26,3,1,2022,1
2022-01-27,225.0,243.0,264.0,333.0,186.0,216.0,210.0,231.0,279.0,207.0,156.0,225.0,210.0,0,27,4,1,2022,1
2022-01-28,243.0,264.0,333.0,186.0,216.0,210.0,210.0,204.0,291.0,237.0,324.0,243.0,210.0,0,28,5,1,2022,1
2022-01-29,264.0,333.0,186.0,216.0,210.0,210.0,210.0,246.0,342.0,315.0,354.0,264.0,351.0,0,29,6,1,2022,0
2022-01-30,333.0,186.0,216.0,210.0,210.0,210.0,351.0,345.0,270.0,342.0,306.0,333.0,339.0,0,30,7,1,2022,0
2022-01-31,186.0,216.0,210.0,210.0,210.0,351.0,339.0,249.0,246.0,216.0,162.0,186.0,225.0,0,31,1,1,2022,1
2022-02-01,216.0,210.0,210.0,210.0,351.0,339.0,225.0,231.0,201.0,186.0,216.0,216.0,210.0,0,1,2,2,2022,1
2022-02-02,210.0,210.0,210.0,351.0,339.0,225.0,210.0,264.0,186.0,174.0,213.0,210.0,198.0,0,2,3,2,2022,1
2022-02-03,210.0,210.0,351.0,339.0,225.0,210.0,198.0,279.0,207.0,156.0,225.0,210.0,264.0,0,3,4,2,2022,1
2022-02-04,210.0,351.0,339.0,225.0,210.0,198.0,264.0,291.0,237.0,324.0,243.0,210.0,291.0,0,4,5,2,2022,1
2022-02-05,351.0,339.0,225.0,210.0,198.0,264.0,291.0,342.0,315.0,354.0,264.0,351.0,243.0,0,5,6,2,2022,0
2022-02-06,339.0,225.0,210.0,198.0,264.0,291.0,243.0,270.0,342.0,306.0,333.0,339.0,345.0,0,6,7,2,2022,0
2022-02-07,225.0,210.0,198.0,264.0,291.0,243.0,345.0,246.0,216.0,162.0,186.0,225.0,165.0,0,7,1,2,2022,1
2022-02-08,210.0,198.0,264.0,291.0,243.0,345.0,165.0,201.0,186.0,216.0,216.0,210.0,162.0,0,8,2,2,2022,1
2022-02-09,198.0,264.0,291.0,243.0,345.0,165.0,162.0,186.0,174.0,213.0,210.0,198.0,213.0,0,9,3,2,2022,1
2022-02-10,264.0,291.0,243.0,345.0,165.0,162.0,213.0,207.0,156.0,225.0,210.0,264.0,222.0,0,10,4,2,2022,1
2022-02-11,291.0,243.0,345.0,165.0,162.0,213.0,222.0,237.0,324.0,243.0,210.0,291.0,291.0,0,11,5,2,2022,1
2022-02-12,243.0,345.0,165.0,162.0,213.0,222.0,291.0,315.0,354.0,264.0,351.0,243.0,345.0,0,12,6,2,2022,0
2022-02-13,345.0,165.0,162.0,213.0,222.0,291.0,345.0,342.0,306.0,333.0,339.0,345.0,324.0,0,13,7,2,2022,0
2022-02-14,165.0,162.0,213.0,222.0,291.0,345.0,324.0,216.0,162.0,186.0,225.0,165.0,219.0,0,14,1,2,2022,1
2022-02-15,162.0,213.0,222.0,291.0,345.0,324.0,219.0,186.0,216.0,216.0,210.0,162.0,183.0,0,15,2,2,2022,1
2022-02-16,213.0,222.0,291.0,345.0,324.0,219.0,183.0,174.0,213.0,210.0,198.0,213.0,225.0,0,16,3,2,2022,1
2022-02-17,222.0,291.0,345.0,324.0,219.0,183.0,225.0,156.0,225.0,210.0,264.0,222.0,180.0,0,17,4,2,2022,1
2022-02-18,291.0,345.0,324.0,219.0,183.0,225.0,180.0,324.0,243.0,210.0,291.0,291.0,207.0,0,18,5,2,2022,1
2022-02-19,345.0,324.0,219.0,183.0,225.0,180.0,207.0,354.0,264.0,351.0,243.0,345.0,303.0,0,19,6,2,2022,0
2022-02-20,324.0,219.0,183.0,225.0,180.0,207.0,303.0,306.0,333.0,339.0,345.0,324.0,336.0,0,20,7,2,2022,0
2022-02-21,219.0,183.0,225.0,180.0,207.0,303.0,336.0,162.0,186.0,225.0,165.0,219.0,222.0,0,21,1,2,2022,1
2022-02-22,183.0,225.0,180.0,207.0,303.0,336.0,222.0,216.0,216.0,210.0,162.0,183.0,231.0,0,22,2,2,2022,1
2022-02-23,225.0,180.0,207.0,303.0,336.0,222.0,231.0,213.0,210.0,198.0,213.0,225.0,192.0,0,23,3,2,2022,1
2022-02-24,180.0,207.0,303.0,336.0,222.0,231.0,192.0,225.0,210.0,264.0,222.0,180.0,195.0,0,24,4,2,2022,1
2022-02-25,207.0,303.0,336.0,222.0,231.0,192.0,195.0,243.0,210.0,291.0,291.0,207.0,321.0,0,25,5,2,2022,1
2022-02-26,303.0,336.0,222.0,231.0,192.0,195.0,321.0,264.0,351.0,243.0,345.0,303.0,387.0,0,26,6,2,2022,0
2022-02-27,336.0,222.0,231.0,192.0,195.0,321.0,387.0,333.0,339.0,345.0,324.0,336.0,363.0,0,27,7,2,2022,0
2022-02-28,222.0,231.0,192.0,195.0,321.0,387.0,363.0,186.0,225.0,165.0,219.0,222.0,276.0,1,28,1,2,2022,1
2022-03-01,231.0,192.0,195.0,321.0,387.0,363.0,276.0,216.0,210.0,162.0,183.0,231.0,234.0,0,1,2,3,2022,1
2022-03-02,192.0,195.0,321.0,387.0,363.0,276.0,234.0,210.0,198.0,213.0,225.0,192.0,165.0,0,2,3,3,2022,1
2022-03-03,195.0,321.0,387.0,363.0,276.0,234.0,165.0,210.0,264.0,222.0,180.0,195.0,222.0,0,3,4,3,2022,1
2022-03-04,321.0,387.0,363.0,276.0,234.0,165.0,222.0,210.0,291.0,291.0,207.0,321.0,210.0,0,4,5,3,2022,1
2022-03-05,387.0,363.0,276.0,234.0,165.0,222.0,210.0,351.0,243.0,345.0,303.0,387.0,264.0,0,5,6,3,2022,0
2022-03-06,363.0,276.0,234.0,165.0,222.0,210.0,264.0,339.0,345.0,324.0,336.0,363.0,357.0,0,6,7,3,2022,0
2022-03-07,276.0,234.0,165.0,222.0,210.0,264.0,357.0,225.0,165.0,219.0,222.0,276.0,141.0,0,7,1,3,2022,1
2022-03-08,234.0,165.0,222.0,210.0,264.0,357.0,141.0,210.0,162.0,183.0,231.0,234.0,177.0,0,8,2,3,2022,1
2022-03-09,165.0,222.0,210.0,264.0,357.0,141.0,177.0,198.0,213.0,225.0,192.0,165.0,165.0,0,9,3,3,2022,1
2022-03-10,222.0,210.0,264.0,357.0,141.0,177.0,165.0,264.0,222.0,180.0,195.0,222.0,225.0,0,10,4,3,2022,1
2022-03-11,210.0,264.0,357.0,141.0,177.0,165.0,225.0,291.0,291.0,207.0,321.0,210.0,195.0,0,11,5,3,2022,1
2022-03-12,264.0,357.0,141.0,177.0,165.0,225.0,195.0,243.0,345.0,303.0,387.0,264.0,204.0,0,12,6,3,2022,0
2022-03-13,357.0,141.0,177.0,165.0,225.0,195.0,204.0,345.0,324.0,336.0,363.0,357.0,345.0,0,13,7,3,2022,0
2022-03-14,141.0,177.0,165.0,225.0,195.0,204.0,345.0,165.0,219.0,222.0,276.0,141.0,138.0,0,14,1,3,2022,1
2022-03-15,177.0,165.0,225.0,195.0,204.0,345.0,138.0,162.0,183.0,231.0,234.0,177.0,159.0,0,15,2,3,2022,1
2022-03-16,165.0,225.0,195.0,204.0,345.0,138.0,159.0,213.0,225.0,192.0,165.0,165.0,174.0,0,16,3,3,2022,1
2022-03-17,225.0,195.0,204.0,345.0,138.0,159.0,174.0,222.0,180.0,195.0,222.0,225.0,210.0,0,17,4,3,2022,1
2022-03-18,195.0,204.0,345.0,138.0,159.0,174.0,210.0,291.0,207.0,321.0,210.0,195.0,273.0,0,18,5,3,2022,1
2022-03-19,204.0,345.0,138.0,159.0,174.0,210.0,273.0,345.0,303.0,387.0,264.0,204.0,336.0,0,19,6,3,2022,0
2022-03-20,345.0,138.0,159.0,174.0,210.0,273.0,336.0,324.0,336.0,363.0,357.0,345.0,327.0,0,20,7,3,2022,0
2022-03-21,138.0,159.0,174.0,210.0,273.0,336.0,327.0,219.0,222.0,276.0,141.0,138.0,204.0,0,21,1,3,2022,1
2022-03-22,159.0,174.0,210.0,273.0,336.0,327.0,204.0,183.0,231.0,234.0,177.0,159.0,231.0,0,22,2,3,2022,1
2022-03-23,174.0,210.0,273.0,336.0,327.0,204.0,231.0,225.0,192.0,165.0,165.0,174.0,198.0,0,23,3,3,2022,1
2022-03-24,210.0,273.0,336.0,327.0,204.0,231.0,198.0,180.0,195.0,222.0,225.0,210.0,156.0,0,24,4,3,2022,1
2022-03-25,273.0,336.0,327.0,204.0,231.0,198.0,156.0,207.0,321.0,210.0,195.0,273.0,174.0,0,25,5,3,2022,1
2022-03-26,336.0,327.0,204.0,231.0,198.0,156.0,174.0,303.0,387.0,264.0,204.0,336.0,291.0,0,26,6,3,2022,0
2022-03-27,327.0,204.0,231.0,198.0,156.0,174.0,291.0,336.0,363.0,357.0,345.0,327.0,312.0,0,27,7,3,2022,0
2022-03-28,204.0,231.0,198.0,156.0,174.0,291.0,312.0,222.0,276.0,141.0,138.0,204.0,240.0,0,28,1,3,2022,1
2022-03-29,231.0,198.0,156.0,174.0,291.0,312.0,240.0,231.0,234.0,177.0,159.0,231.0,201.0,0,29,2,3,2022,1
2022-03-30,198.0,156.0,174.0,291.0,312.0,240.0,201.0,192.0,165.0,165.0,174.0,198.0,177.0,0,30,3,3,2022,1
2022-03-31,156.0,174.0,291.0,312.0,240.0,201.0,177.0,195.0,222.0,225.0,210.0,156.0,195.0,0,31,4,3,2022,1
2022-04-01,174.0,291.0,312.0,240.0,201.0,177.0,195.0,321.0,210.0,195.0,273.0,174.0,240.0,0,1,5,4,2022,1
2022-04-02,291.0,312.0,240.0,201.0,177.0,195.0,240.0,387.0,264.0,204.0,336.0,291.0,396.0,0,2,6,4,2022,0
2022-04-03,312.0,240.0,201.0,177.0,195.0,240.0,396.0,363.0,357.0,345.0,327.0,312.0,315.0,0,3,7,4,2022,0
2022-04-04,240.0,201.0,177.0,195.0,240.0,396.0,315.0,276.0,141.0,138.0,204.0,240.0,270.0,0,4,1,4,2022,1
2022-04-05,201.0,177.0,195.0,240.0,396.0,315.0,270.0,234.0,177.0,159.0,231.0,201.0,267.0,0,5,2,4,2022,1
2022-04-06,177.0,195.0,240.0,396.0,315.0,270.0,267.0,165.0,165.0,174.0,198.0,177.0,207.0,0,6,3,4,2022,1
2022-04-07,195.0,240.0,396.0,315.0,270.0,267.0,207.0,222.0,225.0,210.0,156.0,195.0,207.0,0,7,4,4,2022,1
2022-04-08,240.0,396.0,315.0,270.0,267.0,207.0,207.0,210.0,195.0,273.0,174.0,240.0,210.0,0,8,5,4,2022,1
2022-04-09,396.0,315.0,270.0,267.0,207.0,207.0,210.0,264.0,204.0,336.0,291.0,396.0,243.0,0,9,6,4,2022,0
2022-04-10,315.0,270.0,267.0,207.0,207.0,210.0,243.0,357.0,345.0,327.0,312.0,315.0,330.0,0,10,7,4,2022,0
2022-04-11,270.0,267.0,207.0,207.0,210.0,243.0,330.0,141.0,138.0,204.0,240.0,270.0,174.0,0,11,1,4,2022,1
2022-04-12,267.0,207.0,207.0,210.0,243.0,330.0,174.0,177.0,159.0,231.0,201.0,267.0,279.0,0,12,2,4,2022,1
2022-04-13,207.0,207.0,210.0,243.0,330.0,174.0,279.0,165.0,174.0,198.0,177.0,207.0,282.0,0,13,3,4,2022,1
2022-04-14,207.0,210.0,243.0,330.0,174.0,279.0,282.0,225.0,210.0,156.0,195.0,207.0,276.0,0,14,4,4,2022,1
2022-04-15,210.0,243.0,330.0,174.0,279.0,282.0,276.0,195.0,273.0,174.0,240.0,210.0,282.0,0,15,5,4,2022,1
2022-04-16,243.0,330.0,174.0,279.0,282.0,276.0,282.0,204.0,336.0,291.0,396.0,243.0,255.0,0,16,6,4,2022,0
2022-04-17,330.0,174.0,279.0,282.0,276.0,282.0,255.0,345.0,327.0,312.0,315.0,330.0,267.0,0,17,7,4,2022,0
2022-04-18,174.0,279.0,282.0,276.0,282.0,255.0,267.0,138.0,204.0,240.0,270.0,174.0,159.0,0,18,1,4,2022,1
2022-04-19,279.0,282.0,276.0,282.0,255.0,267.0,159.0,159.0,231.0,201.0,267.0,279.0,180.0,0,19,2,4,2022,1
2022-04-20,282.0,276.0,282.0,255.0,267.0,159.0,180.0,174.0,198.0,177.0,207.0,282.0,189.0,0,20,3,4,2022,1
2022-04-21,276.0,282.0,255.0,267.0,159.0,180.0,189.0,210.0,156.0,195.0,207.0,276.0,195.0,0,21,4,4,2022,1
2022-04-22,282.0,255.0,267.0,159.0,180.0,189.0,195.0,273.0,174.0,240.0,210.0,282.0,249.0,0,22,5,4,2022,1
2022-04-23,255.0,267.0,159.0,180.0,189.0,195.0,249.0,336.0,291.0,396.0,243.0,255.0,300.0,0,23,6,4,2022,0
2022-04-24,267.0,159.0,180.0,189.0,195.0,249.0,300.0,327.0,312.0,315.0,330.0,267.0,306.0,0,24,7,4,2022,0
2022-04-25,159.0,180.0,189.0,195.0,249.0,300.0,306.0,204.0,240.0,270.0,174.0,159.0,249.0,0,25,1,4,2022,1
2022-04-26,180.0,189.0,195.0,249.0,300.0,306.0,249.0,231.0,201.0,267.0,279.0,180.0,231.0,0,26,2,4,2022,1
2022-04-27,189.0,195.0,249.0,300.0,306.0,249.0,231.0,198.0,177.0,207.0,282.0,189.0,255.0,0,27,3,4,2022,1
2022-04-28,195.0,249.0,300.0,306.0,249.0,231.0,255.0,156.0,195.0,207.0,276.0,195.0,234.0,0,28,4,4,2022,1
2022-04-29,249.0,300.0,306.0,249.0,231.0,255.0,234.0,174.0,240.0,210.0,282.0,249.0,210.0,0,29,5,4,2022,1
2022-04-30,300.0,306.0,249.0,231.0,255.0,234.0,210.0,291.0,396.0,243.0,255.0,300.0,345.0,0,30,6,4,2022,0
2022-05-01,306.0,249.0,231.0,255.0,234.0,210.0,345.0,312.0,315.0,330.0,267.0,306.0,465.0,1,1,7,5,2022,0
2022-05-02,249.0,231.0,255.0,234.0,210.0,345.0,465.0,240.0,270.0,174.0,159.0,249.0,291.0,0,2,1,5,2022,1
2022-05-03,231.0,255.0,234.0,210.0,345.0,465.0,291.0,201.0,267.0,279.0,180.0,231.0,285.0,0,3,2,5,2022,1
2022-05-04,255.0,234.0,210.0,345.0,465.0,291.0,285.0,177.0,207.0,282.0,189.0,255.0,246.0,0,4,3,5,2022,1
2022-05-05,234.0,210.0,345.0,465.0,291.0,285.0,246.0,195.0,207.0,276.0,195.0,234.0,192.0,0,5,4,5,2022,1
2022-05-06,210.0,345.0,465.0,291.0,285.0,246.0,192.0,240.0,210.0,282.0,249.0,210.0,252.0,0,6,5,5,2022,1
2022-05-07,345.0,465.0,291.0,285.0,246.0,192.0,252.0,396.0,243.0,255.0,300.0,345.0,336.0,0,7,6,5,2022,0
2022-05-08,465.0,291.0,285.0,246.0,192.0,252.0,336.0,315.0,330.0,267.0,306.0,465.0,327.0,0,8,7,5,2022,0
2022-05-09,291.0,285.0,246.0,192.0,252.0,336.0,327.0,270.0,174.0,159.0,249.0,291.0,207.0,0,9,1,5,2022,1
2022-05-10,285.0,246.0,192.0,252.0,336.0,327.0,207.0,267.0,279.0,180.0,231.0,285.0,210.0,0,10,2,5,2022,1
2022-05-11,246.0,192.0,252.0,336.0,327.0,207.0,210.0,207.0,282.0,189.0,255.0,246.0,198.0,0,11,3,5,2022,1
2022-05-12,192.0,252.0,336.0,327.0,207.0,210.0,198.0,207.0,276.0,195.0,234.0,192.0,168.0,0,12,4,5,2022,1
2022-05-13,252.0,336.0,327.0,207.0,210.0,198.0,168.0,210.0,282.0,249.0,210.0,252.0,279.0,0,13,5,5,2022,1
2022-05-14,336.0,327.0,207.0,210.0,198.0,168.0,279.0,243.0,255.0,300.0,345.0,336.0,318.0,0,14,6,5,2022,0
2022-05-15,327.0,207.0,210.0,198.0,168.0,279.0,318.0,330.0,267.0,306.0,465.0,327.0,309.0,0,15,7,5,2022,0
2022-05-16,207.0,210.0,198.0,168.0,279.0,318.0,309.0,174.0,159.0,249.0,291.0,207.0,204.0,0,16,1,5,2022,1
2022-05-17,210.0,198.0,168.0,279.0,318.0,309.0,204.0,279.0,180.0,231.0,285.0,210.0,147.0,0,17,2,5,2022,1
2022-05-18,198.0,168.0,279.0,318.0,309.0,204.0,147.0,282.0,189.0,255.0,246.0,198.0,150.0,0,18,3,5,2022,1
2022-05-19,168.0,279.0,318.0,309.0,204.0,147.0,150.0,276.0,195.0,234.0,192.0,168.0,174.0,0,19,4,5,2022,1
2022-05-20,279.0,318.0,309.0,204.0,147.0,150.0,174.0,282.0,249.0,210.0,252.0,279.0,219.0,0,20,5,5,2022,1
2022-05-21,318.0,309.0,204.0,147.0,150.0,174.0,219.0,255.0,300.0,345.0,336.0,318.0,240.0,0,21,6,5,2022,0
2022-05-22,309.0,204.0,147.0,150.0,174.0,219.0,240.0,267.0,306.0,465.0,327.0,309.0,327.0,0,22,7,5,2022,0
2022-05-23,204.0,147.0,150.0,174.0,219.0,240.0,327.0,159.0,249.0,291.0,207.0,204.0,180.0,0,23,1,5,2022,1
2022-05-24,147.0,150.0,174.0,219.0,240.0,327.0,180.0,180.0,231.0,285.0,210.0,147.0,210.0,0,24,2,5,2022,1
2022-05-25,150.0,174.0,219.0,240.0,327.0,180.0,210.0,189.0,255.0,246.0,198.0,150.0,171.0,0,25,3,5,2022,1
2022-05-26,174.0,219.0,240.0,327.0,180.0,210.0,171.0,195.0,234.0,192.0,168.0,174.0,177.0,0,26,4,5,2022,1
2022-05-27,219.0,240.0,327.0,180.0,210.0,171.0,177.0,249.0,210.0,252.0,279.0,219.0,162.0,0,27,5,5,2022,1
2022-05-28,240.0,327.0,180.0,210.0,171.0,177.0,162.0,300.0,345.0,336.0,318.0,240.0,258.0,0,28,6,5,2022,0
2022-05-29,327.0,180.0,210.0,171.0,177.0,162.0,258.0,306.0,465.0,327.0,309.0,327.0,309.0,0,29,7,5,2022,0
2022-05-30,180.0,210.0,171.0,177.0,162.0,258.0,309.0,249.0,291.0,207.0,204.0,180.0,222.0,0,30,1,5,2022,1
2022-05-31,210.0,171.0,177.0,162.0,258.0,309.0,222.0,231.0,285.0,210.0,147.0,210.0,180.0,0,31,2,5,2022,1
2022-06-01,171.0,177.0,162.0,258.0,309.0,222.0,180.0,255.0,246.0,198.0,150.0,171.0,207.0,0,1,3,6,2022,1
2022-06-02,177.0,162.0,258.0,309.0,222.0,180.0,207.0,234.0,192.0,168.0,174.0,177.0,135.0,0,2,4,6,2022,1
2022-06-03,162.0,258.0,309.0,222.0,180.0,207.0,135.0,210.0,252.0,279.0,219.0,162.0,300.0,0,3,5,6,2022,1
2022-06-04,258.0,309.0,222.0,180.0,207.0,135.0,300.0,345.0,336.0,318.0,240.0,258.0,282.0,0,4,6,6,2022,0
2022-06-05,309.0,222.0,180.0,207.0,135.0,300.0,282.0,465.0,327.0,309.0,327.0,309.0,321.0,0,5,7,6,2022,0
2022-06-06,222.0,180.0,207.0,135.0,300.0,282.0,321.0,291.0,207.0,204.0,180.0,222.0,207.0,0,6,1,6,2022,1
2022-06-07,180.0,207.0,135.0,300.0,282.0,321.0,207.0,285.0,210.0,147.0,210.0,180.0,180.0,0,7,2,6,2022,1
2022-06-08,207.0,135.0,300.0,282.0,321.0,207.0,180.0,246.0,198.0,150.0,171.0,207.0,183.0,0,8,3,6,2022,1
2022-06-09,135.0,300.0,282.0,321.0,207.0,180.0,183.0,192.0,168.0,174.0,177.0,135.0,177.0,0,9,4,6,2022,1
2022-06-10,300.0,282.0,321.0,207.0,180.0,183.0,177.0,252.0,279.0,219.0,162.0,300.0,144.0,0,10,5,6,2022,1
2022-06-11,282.0,321.0,207.0,180.0,183.0,177.0,144.0,336.0,318.0,240.0,258.0,282.0,246.0,0,11,6,6,2022,0
2022-06-12,321.0,207.0,180.0,183.0,177.0,144.0,246.0,327.0,309.0,327.0,309.0,321.0,357.0,0,12,7,6,2022,0
2022-06-13,207.0,180.0,183.0,177.0,144.0,246.0,357.0,207.0,204.0,180.0,222.0,207.0,147.0,0,13,1,6,2022,1
2022-06-14,180.0,183.0,177.0,144.0,246.0,357.0,147.0,210.0,147.0,210.0,180.0,180.0,192.0,0,14,2,6,2022,1
2022-06-15,183.0,177.0,144.0,246.0,357.0,147.0,192.0,198.0,150.0,171.0,207.0,183.0,192.0,0,15,3,6,2022,1
2022-06-16,177.0,144.0,246.0,357.0,147.0,192.0,192.0,168.0,174.0,177.0,135.0,177.0,159.0,0,16,4,6,2022,1
2022-06-17,144.0,246.0,357.0,147.0,192.0,192.0,159.0,279.0,219.0,162.0,300.0,144.0,132.0,0,17,5,6,2022,1
2022-06-18,246.0,357.0,147.0,192.0,192.0,159.0,132.0,318.0,240.0,258.0,282.0,246.0,216.0,0,18,6,6,2022,0
2022-06-19,357.0,147.0,192.0,192.0,159.0,132.0,216.0,309.0,327.0,309.0,321.0,357.0,312.0,0,19,7,6,2022,0
2022-06-20,147.0,192.0,192.0,159.0,132.0,216.0,312.0,204.0,180.0,222.0,207.0,147.0,174.0,0,20,1,6,2022,1
2022-06-21,192.0,192.0,159.0,132.0,216.0,312.0,174.0,147.0,210.0,180.0,180.0,192.0,255.0,0,21,2,6,2022,1
2022-06-22,192.0,159.0,132.0,216.0,312.0,174.0,255.0,150.0,171.0,207.0,183.0,192.0,171.0,0,22,3,6,2022,1
2022-06-23,159.0,132.0,216.0,312.0,174.0,255.0,171.0,174.0,177.0,135.0,177.0,159.0,198.0,0,23,4,6,2022,1
2022-06-24,132.0,216.0,312.0,174.0,255.0,171.0,198.0,219.0,162.0,300.0,144.0,132.0,324.0,0,24,5,6,2022,1
2022-06-25,216.0,312.0,174.0,255.0,171.0,198.0,324.0,240.0,258.0,282.0,246.0,216.0,288.0,0,25,6,6,2022,0
2022-06-26,312.0,174.0,255.0,171.0,198.0,324.0,288.0,327.0,309.0,321.0,357.0,312.0,291.0,0,26,7,6,2022,0
2022-06-27,174.0,255.0,171.0,198.0,324.0,288.0,291.0,180.0,222.0,207.0,147.0,174.0,186.0,0,27,1,6,2022,1
2022-06-28,255.0,171.0,198.0,324.0,288.0,291.0,186.0,210.0,180.0,180.0,192.0,255.0,207.0,0,28,2,6,2022,1
2022-06-29,171.0,198.0,324.0,288.0,291.0,186.0,207.0,171.0,207.0,183.0,192.0,171.0,264.0,0,29,3,6,2022,1
2022-06-30,198.0,324.0,288.0,291.0,186.0,207.0,264.0,177.0,135.0,177.0,159.0,198.0,195.0,0,30,4,6,2022,1
2022-07-01,324.0,288.0,291.0,186.0,207.0,264.0,195.0,162.0,300.0,144.0,132.0,324.0,276.0,0,1,5,7,2022,1
2022-07-02,288.0,291.0,186.0,207.0,264.0,195.0,276.0,258.0,282.0,246.0,216.0,288.0,246.0,0,2,6,7,2022,0
2022-07-03,291.0,186.0,207.0,264.0,195.0,276.0,246.0,309.0,321.0,357.0,312.0,291.0,279.0,0,3,7,7,2022,0
2022-07-04,186.0,207.0,264.0,195.0,276.0,246.0,279.0,222.0,207.0,147.0,174.0,186.0,195.0,0,4,1,7,2022,1
2022-07-05,207.0,264.0,195.0,276.0,246.0,279.0,195.0,180.0,180.0,192.0,255.0,207.0,177.0,0,5,2,7,2022,1
2022-07-06,264.0,195.0,276.0,246.0,279.0,195.0,177.0,207.0,183.0,192.0,171.0,264.0,201.0,0,6,3,7,2022,1
2022-07-07,195.0,276.0,246.0,279.0,195.0,177.0,201.0,135.0,177.0,159.0,198.0,195.0,144.0,0,7,4,7,2022,1
2022-07-08,276.0,246.0,279.0,195.0,177.0,201.0,144.0,300.0,144.0,132.0,324.0,276.0,219.0,0,8,5,7,2022,1
2022-07-09,246.0,279.0,195.0,177.0,201.0,144.0,219.0,282.0,246.0,216.0,288.0,246.0,195.0,0,9,6,7,2022,0
2022-07-10,279.0,195.0,177.0,201.0,144.0,219.0,195.0,321.0,357.0,312.0,291.0,279.0,240.0,0,10,7,7,2022,0
2022-07-11,195.0,177.0,201.0,144.0,219.0,195.0,240.0,207.0,147.0,174.0,186.0,195.0,195.0,0,11,1,7,2022,1
2022-07-12,177.0,201.0,144.0,219.0,195.0,240.0,195.0,180.0,192.0,255.0,207.0,177.0,201.0,0,12,2,7,2022,1
2022-07-13,201.0,144.0,219.0,195.0,240.0,195.0,201.0,183.0,192.0,171.0,264.0,201.0,240.0,0,13,3,7,2022,1
2022-07-14,144.0,219.0,195.0,240.0,195.0,201.0,240.0,177.0,159.0,198.0,195.0,144.0,165.0,0,14,4,7,2022,1
2022-07-15,219.0,195.0,240.0,195.0,201.0,240.0,165.0,144.0,132.0,324.0,276.0,219.0,195.0,0,15,5,7,2022,1
2022-07-16,195.0,240.0,195.0,201.0,240.0,165.0,195.0,246.0,216.0,288.0,246.0,195.0,345.0,0,16,6,7,2022,0
2022-07-17,240.0,195.0,201.0,240.0,165.0,195.0,345.0,357.0,312.0,291.0,279.0,240.0,237.0,0,17,7,7,2022,0
2022-07-18,195.0,201.0,240.0,165.0,195.0,345.0,237.0,147.0,174.0,186.0,195.0,195.0,216.0,0,18,1,7,2022,1
2022-07-19,201.0,240.0,165.0,195.0,345.0,237.0,216.0,192.0,255.0,207.0,177.0,201.0,195.0,0,19,2,7,2022,1
2022-07-20,240.0,165.0,195.0,345.0,237.0,216.0,195.0,192.0,171.0,264.0,201.0,240.0,195.0,0,20,3,7,2022,1
2022-07-21,165.0,195.0,345.0,237.0,216.0,195.0,195.0,159.0,198.0,195.0,144.0,165.0,126.0,0,21,4,7,2022,1
2022-07-22,195.0,345.0,237.0,216.0,195.0,195.0,126.0,132.0,324.0,276.0,219.0,195.0,207.0,0,22,5,7,2022,1
2022-07-23,345.0,237.0,216.0,195.0,195.0,126.0,207.0,216.0,288.0,246.0,195.0,345.0,249.0,0,23,6,7,2022,0
2022-07-24,237.0,216.0,195.0,195.0,126.0,207.0,249.0,312.0,291.0,279.0,240.0,237.0,312.0,0,24,7,7,2022,0
2022-07-25,216.0,195.0,195.0,126.0,207.0,249.0,312.0,174.0,186.0,195.0,195.0,216.0,156.0,0,25,1,7,2022,1
2022-07-26,195.0,195.0,126.0,207.0,249.0,312.0,156.0,255.0,207.0,177.0,201.0,195.0,132.0,0,26,2,7,2022,1
2022-07-27,195.0,126.0,207.0,249.0,312.0,156.0,132.0,171.0,264.0,201.0,240.0,195.0,174.0,0,27,3,7,2022,1
2022-07-28,126.0,207.0,249.0,312.0,156.0,132.0,174.0,198.0,195.0,144.0,165.0,126.0,207.0,0,28,4,7,2022,1
2022-07-29,207.0,249.0,312.0,156.0,132.0,174.0,207.0,324.0,276.0,219.0,195.0,207.0,186.0,0,29,5,7,2022,1
2022-07-30,249.0,312.0,156.0,132.0,174.0,207.0,186.0,288.0,246.0,195.0,345.0,249.0,222.0,0,30,6,7,2022,0
2022-07-31,312.0,156.0,132.0,174.0,207.0,186.0,222.0,291.0,279.0,240.0,237.0,312.0,306.0,0,31,7,7,2022,0
2022-08-01,156.0,132.0,174.0,207.0,186.0,222.0,306.0,186.0,195.0,195.0,216.0,156.0,237.0,0,1,1,8,2022,1
2022-08-02,132.0,174.0,207.0,186.0,222.0,306.0,237.0,207.0,177.0,201.0,195.0,132.0,240.0,0,2,2,8,2022,1
2022-08-03,174.0,207.0,186.0,222.0,306.0,237.0,240.0,264.0,201.0,240.0,195.0,174.0,192.0,0,3,3,8,2022,1
2022-08-04,207.0,186.0,222.0,306.0,237.0,240.0,192.0,195.0,144.0,165.0,126.0,207.0,174.0,0,4,4,8,2022,1
2022-08-05,186.0,222.0,306.0,237.0,240.0,192.0,174.0,276.0,219.0,195.0,207.0,186.0,201.0,0,5,5,8,2022,1
2022-08-06,222.0,306.0,237.0,240.0,192.0,174.0,201.0,246.0,195.0,345.0,249.0,222.0,252.0,0,6,6,8,2022,0
2022-08-07,306.0,237.0,240.0,192.0,174.0,201.0,252.0,279.0,240.0,237.0,312.0,306.0,252.0,0,7,7,8,2022,0
2022-08-08,237.0,240.0,192.0,174.0,201.0,252.0,252.0,195.0,195.0,216.0,156.0,237.0,186.0,0,8,1,8,2022,1
2022-08-09,240.0,192.0,174.0,201.0,252.0,252.0,186.0,177.0,201.0,195.0,132.0,240.0,192.0,0,9,2,8,2022,1
2022-08-10,192.0,174.0,201.0,252.0,252.0,186.0,192.0,201.0,240.0,195.0,174.0,192.0,156.0,0,10,3,8,2022,1
2022-08-11,174.0,201.0,252.0,252.0,186.0,192.0,156.0,144.0,165.0,126.0,207.0,174.0,231.0,0,11,4,8,2022,1
2022-08-12,201.0,252.0,252.0,186.0,192.0,156.0,231.0,219.0,195.0,207.0,186.0,201.0,240.0,0,12,5,8,2022,1
2022-08-13,252.0,252.0,186.0,192.0,156.0,231.0,240.0,195.0,345.0,249.0,222.0,252.0,234.0,0,13,6,8,2022,0
2022-08-14,252.0,186.0,192.0,156.0,231.0,240.0,234.0,240.0,237.0,312.0,306.0,252.0,249.0,0,14,7,8,2022,0
2022-08-15,186.0,192.0,156.0,231.0,240.0,234.0,249.0,195.0,216.0,156.0,237.0,186.0,324.0,0,15,1,8,2022,1
2022-08-16,192.0,156.0,231.0,240.0,234.0,249.0,324.0,201.0,195.0,132.0,240.0,192.0,255.0,0,16,2,8,2022,1
2022-08-17,156.0,231.0,240.0,234.0,249.0,324.0,255.0,240.0,195.0,174.0,192.0,156.0,204.0,0,17,3,8,2022,1
2022-08-18,231.0,240.0,234.0,249.0,324.0,255.0,204.0,165.0,126.0,207.0,174.0,231.0,258.0,0,18,4,8,2022,1
2022-08-19,240.0,234.0,249.0,324.0,255.0,204.0,258.0,195.0,207.0,186.0,201.0,240.0,246.0,0,19,5,8,2022,1
2022-08-20,234.0,249.0,324.0,255.0,204.0,258.0,246.0,345.0,249.0,222.0,252.0,234.0,297.0,0,20,6,8,2022,0
2022-08-21,249.0,324.0,255.0,204.0,258.0,246.0,297.0,237.0,312.0,306.0,252.0,249.0,393.0,0,21,7,8,2022,0
2022-08-22,324.0,255.0,204.0,258.0,246.0,297.0,393.0,216.0,156.0,237.0,186.0,324.0,180.0,0,22,1,8,2022,1
2022-08-23,255.0,204.0,258.0,246.0,297.0,393.0,180.0,195.0,132.0,240.0,192.0,255.0,183.0,0,23,2,8,2022,1
2022-08-24,204.0,258.0,246.0,297.0,393.0,180.0,183.0,195.0,174.0,192.0,156.0,204.0,171.0,0,24,3,8,2022,1
2022-08-25,258.0,246.0,297.0,393.0,180.0,183.0,171.0,126.0,207.0,174.0,231.0,258.0,195.0,0,25,4,8,2022,1
2022-08-26,246.0,297.0,393.0,180.0,183.0,171.0,195.0,207.0,186.0,201.0,240.0,246.0,192.0,0,26,5,8,2022,1
2022-08-27,297.0,393.0,180.0,183.0,171.0,195.0,192.0,249.0,222.0,252.0,234.0,297.0,291.0,0,27,6,8,2022,0
2022-08-28,393.0,180.0,183.0,171.0,195.0,192.0,291.0,312.0,306.0,252.0,249.0,393.0,321.0,0,28,7,8,2022,0
2022-08-29,180.0,183.0,171.0,195.0,192.0,291.0,321.0,156.0,237.0,186.0,324.0,180.0,225.0,0,29,1,8,2022,1
2022-08-30,183.0,171.0,195.0,192.0,291.0,321.0,225.0,132.0,240.0,192.0,255.0,183.0,228.0,0,30,2,8,2022,1
2022-08-31,171.0,195.0,192.0,291.0,321.0,225.0,228.0,174.0,192.0,156.0,204.0,171.0,258.0,0,31,3,8,2022,1
2022-09-01,195.0,192.0,291.0,321.0,225.0,228.0,258.0,207.0,174.0,231.0,258.0,195.0,180.0,0,1,4,9,2022,1
2022-09-02,192.0,291.0,321.0,225.0,228.0,258.0,180.0,186.0,201.0,240.0,246.0,192.0,195.0,0,2,5,9,2022,1
2022-09-03,291.0,321.0,225.0,228.0,258.0,180.0,195.0,222.0,252.0,234.0,297.0,291.0,252.0,0,3,6,9,2022,0
2022-09-04,321.0,225.0,228.0,258.0,180.0,195.0,252.0,306.0,252.0,249.0,393.0,321.0,231.0,0,4,7,9,2022,0
2022-09-05,225.0,228.0,258.0,180.0,195.0,252.0,231.0,237.0,186.0,324.0,180.0,225.0,189.0,0,5,1,9,2022,1
2022-09-06,228.0,258.0,180.0,195.0,252.0,231.0,189.0,240.0,192.0,255.0,183.0,228.0,159.0,0,6,2,9,2022,1
2022-09-07,258.0,180.0,195.0,252.0,231.0,189.0,159.0,192.0,156.0,204.0,171.0,258.0,204.0,0,7,3,9,2022,1
2022-09-08,180.0,195.0,252.0,231.0,189.0,159.0,204.0,174.0,231.0,258.0,195.0,180.0,204.0,0,8,4,9,2022,1
2022-09-09,195.0,252.0,231.0,189.0,159.0,204.0,204.0,201.0,240.0,246.0,192.0,195.0,210.0,0,9,5,9,2022,1
2022-09-10,252.0,231.0,189.0,159.0,204.0,204.0,210.0,252.0,234.0,297.0,291.0,252.0,186.0,0,10,6,9,2022,0
2022-09-11,231.0,189.0,159.0,204.0,204.0,210.0,186.0,252.0,249.0,393.0,321.0,231.0,246.0,0,11,7,9,2022,0
2022-09-12,189.0,159.0,204.0,204.0,210.0,186.0,246.0,186.0,324.0,180.0,225.0,189.0,228.0,0,12,1,9,2022,1
2022-09-13,159.0,204.0,204.0,210.0,186.0,246.0,228.0,192.0,255.0,183.0,228.0,159.0,192.0,0,13,2,9,2022,1
2022-09-14,204.0,204.0,210.0,186.0,246.0,228.0,192.0,156.0,204.0,171.0,258.0,204.0,243.0,0,14,3,9,2022,1
2022-09-15,204.0,210.0,186.0,246.0,228.0,192.0,243.0,231.0,258.0,195.0,180.0,204.0,213.0,0,15,4,9,2022,1
2022-09-16,210.0,186.0,246.0,228.0,192.0,243.0,213.0,240.0,246.0,192.0,195.0,210.0,198.0,0,16,5,9,2022,1
2022-09-17,186.0,246.0,228.0,192.0,243.0,213.0,198.0,234.0,297.0,291.0,252.0,186.0,288.0,0,17,6,9,2022,0
2022-09-18,246.0,228.0,192.0,243.0,213.0,198.0,288.0,249.0,393.0,321.0,231.0,246.0,372.0,0,18,7,9,2022,0
2022-09-19,228.0,192.0,243.0,213.0,198.0,288.0,372.0,324.0,180.0,225.0,189.0,228.0,183.0,0,19,1,9,2022,1
2022-09-20,192.0,243.0,213.0,198.0,288.0,372.0,183.0,255.0,183.0,228.0,159.0,192.0,171.0,0,20,2,9,2022,1
2022-09-21,243.0,213.0,198.0,288.0,372.0,183.0,171.0,204.0,171.0,258.0,204.0,243.0,201.0,0,21,3,9,2022,1
2022-09-22,213.0,198.0,288.0,372.0,183.0,171.0,201.0,258.0,195.0,180.0,204.0,213.0,165.0,0,22,4,9,2022,1
2022-09-23,198.0,288.0,372.0,183.0,171.0,201.0,165.0,246.0,192.0,195.0,210.0,198.0,240.0,0,23,5,9,2022,1
2022-09-24,288.0,372.0,183.0,171.0,201.0,165.0,240.0,297.0,291.0,252.0,186.0,288.0,231.0,0,24,6,9,2022,0
2022-09-25,372.0,183.0,171.0,201.0,165.0,240.0,231.0,393.0,321.0,231.0,246.0,372.0,303.0,0,25,7,9,2022,0
2022-09-26,183.0,171.0,201.0,165.0,240.0,231.0,303.0,180.0,225.0,189.0,228.0,183.0,225.0,0,26,1,9,2022,1
2022-09-27,171.0,201.0,165.0,240.0,231.0,303.0,225.0,183.0,228.0,159.0,192.0,171.0,237.0,0,27,2,9,2022,1
2022-09-28,201.0,165.0,240.0,231.0,303.0,225.0,237.0,171.0,258.0,204.0,243.0,201.0,276.0,0,28,3,9,2022,1
2022-09-29,165.0,240.0,231.0,303.0,225.0,237.0,276.0,195.0,180.0,204.0,213.0,165.0,252.0,0,29,4,9,2022,1
2022-09-30,240.0,231.0,303.0,225.0,237.0,276.0,252.0,192.0,195.0,210.0,198.0,240.0,282.0,0,30,5,9,2022,1
2022-10-01,231.0,303.0,225.0,237.0,276.0,252.0,282.0,291.0,252.0,186.0,288.0,231.0,315.0,0,1,6,10,2022,0
2022-10-02,303.0,225.0,237.0,276.0,252.0,282.0,315.0,321.0,231.0,246.0,372.0,303.0,546.0,0,2,7,10,2022,0
2022-10-03,225.0,237.0,276.0,252.0,282.0,315.0,546.0,225.0,189.0,228.0,183.0,225.0,261.0,0,3,1,10,2022,1
2022-10-04,237.0,276.0,252.0,282.0,315.0,546.0,261.0,228.0,159.0,192.0,171.0,237.0,246.0,0,4,2,10,2022,1
2022-10-05,276.0,252.0,282.0,315.0,546.0,261.0,246.0,258.0,204.0,243.0,201.0,276.0,210.0,0,5,3,10,2022,1
2022-10-06,252.0,282.0,315.0,546.0,261.0,246.0,210.0,180.0,204.0,213.0,165.0,252.0,270.0,0,6,4,10,2022,1
2022-10-07,282.0,315.0,546.0,261.0,246.0,210.0,270.0,195.0,210.0,198.0,240.0,282.0,261.0,0,7,5,10,2022,1
2022-10-08,315.0,546.0,261.0,246.0,210.0,270.0,261.0,252.0,186.0,288.0,231.0,315.0,264.0,0,8,6,10,2022,0
2022-10-09,546.0,261.0,246.0,210.0,270.0,261.0,264.0,231.0,246.0,372.0,303.0,546.0,492.0,0,9,7,10,2022,0
2022-10-10,261.0,246.0,210.0,270.0,261.0,264.0,492.0,189.0,228.0,183.0,225.0,261.0,261.0,0,10,1,10,2022,1
2022-10-11,246.0,210.0,270.0,261.0,264.0,492.0,261.0,159.0,192.0,171.0,237.0,246.0,237.0,0,11,2,10,2022,1
2022-10-12,210.0,270.0,261.0,264.0,492.0,261.0,237.0,204.0,243.0,201.0,276.0,210.0,315.0,1,12,3,10,2022,1
2022-10-13,270.0,261.0,264.0,492.0,261.0,237.0,315.0,204.0,213.0,165.0,252.0,270.0,225.0,0,13,4,10,2022,1
2022-10-14,261.0,264.0,492.0,261.0,237.0,315.0,225.0,210.0,198.0,240.0,282.0,261.0,249.0,0,14,5,10,2022,1
2022-10-15,264.0,492.0,261.0,237.0,315.0,225.0,249.0,186.0,288.0,231.0,315.0,264.0,360.0,0,15,6,10,2022,0
2022-10-16,492.0,261.0,237.0,315.0,225.0,249.0,360.0,246.0,372.0,303.0,546.0,492.0,432.0,0,16,7,10,2022,0
2022-10-17,261.0,237.0,315.0,225.0,249.0,360.0,432.0,228.0,183.0,225.0,261.0,261.0,249.0,0,17,1,10,2022,1
2022-10-18,237.0,315.0,225.0,249.0,360.0,432.0,249.0,192.0,171.0,237.0,246.0,237.0,261.0,0,18,2,10,2022,1
2022-10-19,315.0,225.0,249.0,360.0,432.0,249.0,261.0,243.0,201.0,276.0,210.0,315.0,267.0,0,19,3,10,2022,1
2022-10-20,225.0,249.0,360.0,432.0,249.0,261.0,267.0,213.0,165.0,252.0,270.0,225.0,255.0,0,20,4,10,2022,1
2022-10-21,249.0,360.0,432.0,249.0,261.0,267.0,255.0,198.0,240.0,282.0,261.0,249.0,249.0,0,21,5,10,2022,1
2022-10-22,360.0,432.0,249.0,261.0,267.0,255.0,249.0,288.0,231.0,315.0,264.0,360.0,375.0,0,22,6,10,2022,0
2022-10-23,432.0,249.0,261.0,267.0,255.0,249.0,375.0,372.0,303.0,546.0,492.0,432.0,303.0,0,23,7,10,2022,0
2022-10-24,249.0,261.0,267.0,255.0,249.0,375.0,303.0,183.0,225.0,261.0,261.0,249.0,234.0,0,24,1,10,2022,1
2022-10-25,261.0,267.0,255.0,249.0,375.0,303.0,234.0,171.0,237.0,246.0,237.0,261.0,174.0,0,25,2,10,2022,1
2022-10-26,267.0,255.0,249.0,375.0,303.0,234.0,174.0,201.0,276.0,210.0,315.0,267.0,279.0,0,26,3,10,2022,1
2022-10-27,255.0,249.0,375.0,303.0,234.0,174.0,279.0,165.0,252.0,270.0,225.0,255.0,273.0,0,27,4,10,2022,1
2022-10-28,249.0,375.0,303.0,234.0,174.0,279.0,273.0,240.0,282.0,261.0,249.0,249.0,216.0,0,28,5,10,2022,1
2022-10-29,375.0,303.0,234.0,174.0,279.0,273.0,216.0,231.0,315.0,264.0,360.0,375.0,360.0,0,29,6,10,2022,0
2022-10-30,303.0,234.0,174.0,279.0,273.0,216.0,360.0,303.0,546.0,492.0,432.0,303.0,384.0,0,30,7,10,2022,0
2022-10-31,234.0,174.0,279.0,273.0,216.0,360.0,384.0,225.0,261.0,261.0,249.0,234.0,279.0,0,31,1,10,2022,1
2022-11-01,174.0,279.0,273.0,216.0,360.0,384.0,279.0,237.0,246.0,237.0,261.0,174.0,297.0,0,1,2,11,2022,1
2022-11-02,279.0,273.0,216.0,360.0,384.0,279.0,297.0,276.0,210.0,315.0,267.0,279.0,306.0,0,2,3,11,2022,1
2022-11-03,273.0,216.0,360.0,384.0,279.0,297.0,306.0,252.0,270.0,225.0,255.0,273.0,222.0,0,3,4,11,2022,1
2022-11-04,216.0,360.0,384.0,279.0,297.0,306.0,222.0,282.0,261.0,249.0,249.0,216.0,297.0,0,4,5,11,2022,1
2022-11-05,360.0,384.0,279.0,297.0,306.0,222.0,297.0,315.0,264.0,360.0,375.0,360.0,267.0,0,5,6,11,2022,0
2022-11-06,384.0,279.0,297.0,306.0,222.0,297.0,267.0,546.0,492.0,432.0,303.0,384.0,381.0,0,6,7,11,2022,0
2022-11-07,279.0,297.0,306.0,222.0,297.0,267.0,381.0,261.0,261.0,249.0,234.0,279.0,264.0,0,7,1,11,2022,1
2022-11-08,297.0,306.0,222.0,297.0,267.0,381.0,264.0,246.0,237.0,261.0,174.0,297.0,165.0,0,8,2,11,2022,1
2022-11-09,306.0,222.0,297.0,267.0,381.0,264.0,165.0,210.0,315.0,267.0,279.0,306.0,234.0,0,9,3,11,2022,1
2022-11-10,222.0,297.0,267.0,381.0,264.0,165.0,234.0,270.0,225.0,255.0,273.0,222.0,180.0,0,10,4,11,2022,1
2022-11-11,297.0,267.0,381.0,264.0,165.0,234.0,180.0,261.0,249.0,249.0,216.0,297.0,291.0,0,11,5,11,2022,1
2022-11-12,267.0,381.0,264.0,165.0,234.0,180.0,291.0,264.0,360.0,375.0,360.0,267.0,309.0,0,12,6,11,2022,0
2022-11-13,381.0,264.0,165.0,234.0,180.0,291.0,309.0,492.0,432.0,303.0,384.0,381.0,369.0,0,13,7,11,2022,0
2022-11-14,264.0,165.0,234.0,180.0,291.0,309.0,369.0,261.0,249.0,234.0,279.0,264.0,237.0,0,14,1,11,2022,1
2022-11-15,165.0,234.0,180.0,291.0,309.0,369.0,237.0,237.0,261.0,174.0,297.0,165.0,273.0,0,15,2,11,2022,1
2022-11-16,234.0,180.0,291.0,309.0,369.0,237.0,273.0,315.0,267.0,279.0,306.0,234.0,204.0,0,16,3,11,2022,1
2022-11-17,180.0,291.0,309.0,369.0,237.0,273.0,204.0,225.0,255.0,273.0,222.0,180.0,225.0,0,17,4,11,2022,1
2022-11-18,291.0,309.0,369.0,237.0,273.0,204.0,225.0,249.0,249.0,216.0,297.0,291.0,264.0,0,18,5,11,2022,1
2022-11-19,309.0,369.0,237.0,273.0,204.0,225.0,264.0,360.0,375.0,360.0,267.0,309.0,324.0,0,19,6,11,2022,0
2022-11-20,369.0,237.0,273.0,204.0,225.0,264.0,324.0,432.0,303.0,384.0,381.0,369.0,426.0,0,20,7,11,2022,0
2022-11-21,237.0,273.0,204.0,225.0,264.0,324.0,426.0,249.0,234.0,279.0,264.0,237.0,210.0,0,21,1,11,2022,1
2022-11-22,273.0,204.0,225.0,264.0,324.0,426.0,210.0,261.0,174.0,297.0,165.0,273.0,216.0,0,22,2,11,2022,1
2022-11-23,204.0,225.0,264.0,324.0,426.0,210.0,216.0,267.0,279.0,306.0,234.0,204.0,207.0,0,23,3,11,2022,1
2022-11-24,225.0,264.0,324.0,426.0,210.0,216.0,207.0,255.0,273.0,222.0,180.0,225.0,219.0,0,24,4,11,2022,1
2022-11-25,264.0,324.0,426.0,210.0,216.0,207.0,219.0,249.0,216.0,297.0,291.0,264.0,216.0,0,25,5,11,2022,1
2022-11-26,324.0,426.0,210.0,216.0,207.0,219.0,216.0,375.0,360.0,267.0,309.0,324.0,243.0,0,26,6,11,2022,0
2022-11-27,426.0,210.0,216.0,207.0,219.0,216.0,243.0,303.0,384.0,381.0,369.0,426.0,336.0,0,27,7,11,2022,0
2022-11-28,210.0,216.0,207.0,219.0,216.0,243.0,336.0,234.0,279.0,264.0,237.0,210.0,243.0,0,28,1,11,2022,1
2022-11-29,216.0,207.0,219.0,216.0,243.0,336.0,243.0,174.0,297.0,165.0,273.0,216.0,207.0,0,29,2,11,2022,1
2022-11-30,207.0,219.0,216.0,243.0,336.0,243.0,207.0,279.0,306.0,234.0,204.0,207.0,240.0,0,30,3,11,2022,1
2022-12-01,219.0,216.0,243.0,336.0,243.0,207.0,240.0,273.0,222.0,180.0,225.0,219.0,216.0,0,1,4,12,2022,1
2022-12-02,216.0,243.0,336.0,243.0,207.0,240.0,216.0,216.0,297.0,291.0,264.0,216.0,237.0,0,2,5,12,2022,1
2022-12-03,243.0,336.0,243.0,207.0,240.0,216.0,237.0,360.0,267.0,309.0,324.0,243.0,243.0,0,3,6,12,2022,0
2022-12-04,336.0,243.0,207.0,240.0,216.0,237.0,243.0,384.0,381.0,369.0,426.0,336.0,267.0,0,4,7,12,2022,0
2022-12-05,243.0,207.0,240.0,216.0,237.0,243.0,267.0,279.0,264.0,237.0,210.0,243.0,240.0,0,5,1,12,2022,1
2022-12-06,207.0,240.0,216.0,237.0,243.0,267.0,240.0,297.0,165.0,273.0,216.0,207.0,360.0,0,6,2,12,2022,1
2022-12-07,240.0,216.0,237.0,243.0,267.0,240.0,360.0,306.0,234.0,204.0,207.0,240.0,210.0,0,7,3,12,2022,1
2022-12-08,216.0,237.0,243.0,267.0,240.0,360.0,210.0,222.0,180.0,225.0,219.0,216.0,252.0,0,8,4,12,2022,1
2022-12-09,237.0,243.0,267.0,240.0,360.0,210.0,252.0,297.0,291.0,264.0,216.0,237.0,177.0,0,9,5,12,2022,1
2022-12-10,243.0,267.0,240.0,360.0,210.0,252.0,177.0,267.0,309.0,324.0,243.0,243.0,285.0,0,10,6,12,2022,0
2022-12-11,267.0,240.0,360.0,210.0,252.0,177.0,285.0,381.0,369.0,426.0,336.0,267.0,312.0,0,11,7,12,2022,0
2022-12-12,240.0,360.0,210.0,252.0,177.0,285.0,312.0,264.0,237.0,210.0,243.0,240.0,129.0,0,12,1,12,2022,1
2022-12-13,360.0,210.0,252.0,177.0,285.0,312.0,129.0,165.0,273.0,216.0,207.0,360.0,165.0,0,13,2,12,2022,1
2022-12-14,210.0,252.0,177.0,285.0,312.0,129.0,165.0,234.0,204.0,207.0,240.0,210.0,237.0,0,14,3,12,2022,1
2022-12-15,252.0,177.0,285.0,312.0,129.0,165.0,237.0,180.0,225.0,219.0,216.0,252.0,186.0,0,15,4,12,2022,1
2022-12-16,177.0,285.0,312.0,129.0,165.0,237.0,186.0,291.0,264.0,216.0,237.0,177.0,258.0,0,16,5,12,2022,1
2022-12-17,285.0,312.0,129.0,165.0,237.0,186.0,258.0,309.0,324.0,243.0,243.0,285.0,285.0,0,17,6,12,2022,0
2022-12-18,312.0,129.0,165.0,237.0,186.0,258.0,285.0,369.0,426.0,336.0,267.0,312.0,291.0,0,18,7,12,2022,0
2022-12-19,129.0,165.0,237.0,186.0,258.0,285.0,291.0,237.0,210.0,243.0,240.0,129.0,246.0,0,19,1,12,2022,1
2022-12-20,165.0,237.0,186.0,258.0,285.0,291.0,246.0,273.0,216.0,207.0,360.0,165.0,219.0,0,20,2,12,2022,1
2022-12-21,237.0,186.0,258.0,285.0,291.0,246.0,219.0,204.0,207.0,240.0,210.0,237.0,174.0,0,21,3,12,2022,1
2022-12-22,186.0,258.0,285.0,291.0,246.0,219.0,174.0,225.0,219.0,216.0,252.0,186.0,177.0,0,22,4,12,2022,1
2022-12-23,258.0,285.0,291.0,246.0,219.0,174.0,177.0,264.0,216.0,237.0,177.0,258.0,141.0,0,23,5,12,2022,1
2022-12-24,285.0,291.0,246.0,219.0,174.0,177.0,141.0,324.0,243.0,243.0,285.0,285.0,192.0,0,24,6,12,2022,0
2022-12-25,291.0,246.0,219.0,174.0,177.0,141.0,192.0,426.0,336.0,267.0,312.0,291.0,267.0,0,25,7,12,2022,0
2022-12-26,246.0,219.0,174.0,177.0,141.0,192.0,267.0,210.0,243.0,240.0,129.0,246.0,246.0,0,26,1,12,2022,1
2022-12-27,219.0,174.0,177.0,141.0,192.0,267.0,246.0,216.0,207.0,360.0,165.0,219.0,234.0,0,27,2,12,2022,1
2022-12-28,174.0,177.0,141.0,192.0,267.0,246.0,234.0,207.0,240.0,210.0,237.0,174.0,204.0,0,28,3,12,2022,1
2022-12-29,177.0,141.0,192.0,267.0,246.0,234.0,204.0,219.0,216.0,252.0,186.0,177.0,195.0,0,29,4,12,2022,1
2022-12-30,141.0,192.0,267.0,246.0,234.0,204.0,195.0,216.0,237.0,177.0,258.0,141.0,153.0,0,30,5,12,2022,1
2022-12-31,192.0,267.0,246.0,234.0,204.0,195.0,153.0,243.0,243.0,285.0,285.0,192.0,198.0,0,31,6,12,2022,0
2023-01-01,267.0,246.0,234.0,204.0,195.0,153.0,198.0,336.0,267.0,312.0,291.0,267.0,411.0,1,1,7,1,2023,0
2023-01-02,246.0,234.0,204.0,195.0,153.0,198.0,411.0,243.0,240.0,129.0,246.0,246.0,273.0,0,2,1,1,2023,1
2023-01-03,234.0,204.0,195.0,153.0,198.0,411.0,273.0,207.0,360.0,165.0,219.0,234.0,186.0,0,3,2,1,2023,1
2023-01-04,204.0,195.0,153.0,198.0,411.0,273.0,186.0,240.0,210.0,237.0,174.0,204.0,129.0,0,4,3,1,2023,1
2023-01-05,195.0,153.0,198.0,411.0,273.0,186.0,129.0,216.0,252.0,186.0,177.0,195.0,144.0,0,5,4,1,2023,1
2023-01-06,153.0,198.0,411.0,273.0,186.0,129.0,144.0,237.0,177.0,258.0,141.0,153.0,189.0,0,6,5,1,2023,1
2023-01-07,198.0,411.0,273.0,186.0,129.0,144.0,189.0,243.0,285.0,285.0,192.0,198.0,264.0,0,7,6,1,2023,0
2023-01-08,411.0,273.0,186.0,129.0,144.0,189.0,264.0,267.0,312.0,291.0,267.0,411.0,315.0,0,8,7,1,2023,0
2023-01-09,273.0,186.0,129.0,144.0,189.0,264.0,315.0,240.0,129.0,246.0,246.0,273.0,126.0,0,9,1,1,2023,1
2023-01-10,186.0,129.0,144.0,189.0,264.0,315.0,126.0,360.0,165.0,219.0,234.0,186.0,144.0,0,10,2,1,2023,1
2023-01-11,129.0,144.0,189.0,264.0,315.0,126.0,144.0,210.0,237.0,174.0,204.0,129.0,222.0,0,11,3,1,2023,1
2023-01-12,144.0,189.0,264.0,315.0,126.0,144.0,222.0,252.0,186.0,177.0,195.0,144.0,177.0,0,12,4,1,2023,1
2023-01-13,189.0,264.0,315.0,126.0,144.0,222.0,177.0,177.0,258.0,141.0,153.0,189.0,213.0,0,13,5,1,2023,1
2023-01-14,264.0,315.0,126.0,144.0,222.0,177.0,213.0,285.0,285.0,192.0,198.0,264.0,270.0,0,14,6,1,2023,0
2023-01-15,315.0,126.0,144.0,222.0,177.0,213.0,270.0,312.0,291.0,267.0,411.0,315.0,342.0,0,15,7,1,2023,0
2023-01-16,126.0,144.0,222.0,177.0,213.0,270.0,342.0,129.0,246.0,246.0,273.0,126.0,276.0,0,16,1,1,2023,1
2023-01-17,144.0,222.0,177.0,213.0,270.0,342.0,276.0,165.0,219.0,234.0,186.0,144.0,183.0,0,17,2,1,2023,1
2023-01-18,222.0,177.0,213.0,270.0,342.0,276.0,183.0,237.0,174.0,204.0,129.0,222.0,258.0,0,18,3,1,2023,1
2023-01-19,177.0,213.0,270.0,342.0,276.0,183.0,258.0,186.0,177.0,195.0,144.0,177.0,246.0,0,19,4,1,2023,1
2023-01-20,213.0,270.0,342.0,276.0,183.0,258.0,246.0,258.0,141.0,153.0,189.0,213.0,225.0,0,20,5,1,2023,1
2023-01-21,270.0,342.0,276.0,183.0,258.0,246.0,225.0,285.0,192.0,198.0,264.0,270.0,369.0,0,21,6,1,2023,0
2023-01-22,342.0,276.0,183.0,258.0,246.0,225.0,369.0,291.0,267.0,411.0,315.0,342.0,456.0,0,22,7,1,2023,0
2023-01-23,276.0,183.0,258.0,246.0,225.0,369.0,456.0,246.0,246.0,273.0,126.0,276.0,270.0,0,23,1,1,2023,1
2023-01-24,183.0,258.0,246.0,225.0,369.0,456.0,270.0,219.0,234.0,186.0,144.0,183.0,171.0,0,24,2,1,2023,1
2023-01-25,258.0,246.0,225.0,369.0,456.0,270.0,171.0,174.0,204.0,129.0,222.0,258.0,174.0,0,25,3,1,2023,1
2023-01-26,246.0,225.0,369.0,456.0,270.0,171.0,174.0,177.0,195.0,144.0,177.0,246.0,261.0,0,26,4,1,2023,1
2023-01-27,225.0,369.0,456.0,270.0,171.0,174.0,261.0,141.0,153.0,189.0,213.0,225.0,249.0,0,27,5,1,2023,1
2023-01-28,369.0,456.0,270.0,171.0,174.0,261.0,249.0,192.0,198.0,264.0,270.0,369.0,276.0,0,28,6,1,2023,0
2023-01-29,456.0,270.0,171.0,174.0,261.0,249.0,276.0,267.0,411.0,315.0,342.0,456.0,534.0,0,29,7,1,2023,0
2023-01-30,270.0,171.0,174.0,261.0,249.0,276.0,534.0,246.0,273.0,126.0,276.0,270.0,261.0,0,30,1,1,2023,1
2023-01-31,171.0,174.0,261.0,249.0,276.0,534.0,261.0,234.0,186.0,144.0,183.0,171.0,249.0,0,31,2,1,2023,1
2023-02-01,174.0,261.0,249.0,276.0,534.0,261.0,249.0,204.0,129.0,222.0,258.0,174.0,201.0,0,1,3,2,2023,1
2023-02-02,261.0,249.0,276.0,534.0,261.0,249.0,201.0,195.0,144.0,177.0,246.0,261.0,171.0,0,2,4,2,2023,1
2023-02-03,249.0,276.0,534.0,261.0,249.0,201.0,171.0,153.0,189.0,213.0,225.0,249.0,246.0,0,3,5,2,2023,1
2023-02-04,276.0,534.0,261.0,249.0,201.0,171.0,246.0,198.0,264.0,270.0,369.0,276.0,411.0,0,4,6,2,2023,0
2023-02-05,534.0,261.0,249.0,201.0,171.0,246.0,411.0,411.0,315.0,342.0,456.0,534.0,399.0,0,5,7,2,2023,0
2023-02-06,261.0,249.0,201.0,171.0,246.0,411.0,399.0,273.0,126.0,276.0,270.0,261.0,297.0,0,6,1,2,2023,1
2023-02-07,249.0,201.0,171.0,246.0,411.0,399.0,297.0,186.0,144.0,183.0,171.0,249.0,213.0,0,7,2,2,2023,1
2023-02-08,201.0,171.0,246.0,411.0,399.0,297.0,213.0,129.0,222.0,258.0,174.0,201.0,252.0,0,8,3,2,2023,1
2023-02-09,171.0,246.0,411.0,399.0,297.0,213.0,252.0,144.0,177.0,246.0,261.0,171.0,243.0,0,9,4,2,2023,1
2023-02-10,246.0,411.0,399.0,297.0,213.0,252.0,243.0,189.0,213.0,225.0,249.0,246.0,297.0,0,10,5,2,2023,1
2023-02-11,411.0,399.0,297.0,213.0,252.0,243.0,297.0,264.0,270.0,369.0,276.0,411.0,375.0,0,11,6,2,2023,0
2023-02-12,399.0,297.0,213.0,252.0,243.0,297.0,375.0,315.0,342.0,456.0,534.0,399.0,348.0,0,12,7,2,2023,0
2023-02-13,297.0,213.0,252.0,243.0,297.0,375.0,348.0,126.0,276.0,270.0,261.0,297.0,189.0,0,13,1,2,2023,1
2023-02-14,213.0,252.0,243.0,297.0,375.0,348.0,189.0,144.0,183.0,171.0,249.0,213.0,267.0,0,14,2,2,2023,1
2023-02-15,252.0,243.0,297.0,375.0,348.0,189.0,267.0,222.0,258.0,174.0,201.0,252.0,264.0,0,15,3,2,2023,1
2023-02-16,243.0,297.0,375.0,348.0,189.0,267.0,264.0,177.0,246.0,261.0,171.0,243.0,180.0,0,16,4,2,2023,1
2023-02-17,297.0,375.0,348.0,189.0,267.0,264.0,180.0,213.0,225.0,249.0,246.0,297.0,249.0,0,17,5,2,2023,1
2023-02-18,375.0,348.0,189.0,267.0,264.0,180.0,249.0,270.0,369.0,276.0,411.0,375.0,423.0,0,18,6,2,2023,0
2023-02-19,348.0,189.0,267.0,264.0,180.0,249.0,423.0,342.0,456.0,534.0,399.0,348.0,345.0,0,19,7,2,2023,0
2023-02-20,189.0,267.0,264.0,180.0,249.0,423.0,345.0,276.0,270.0,261.0,297.0,189.0,258.0,0,20,1,2,2023,1
2023-02-21,267.0,264.0,180.0,249.0,423.0,345.0,258.0,183.0,171.0,249.0,213.0,267.0,255.0,0,21,2,2,2023,1
2023-02-22,264.0,180.0,249.0,423.0,345.0,258.0,255.0,258.0,174.0,201.0,252.0,264.0,189.0,0,22,3,2,2023,1
2023-02-23,180.0,249.0,423.0,345.0,258.0,255.0,189.0,246.0,261.0,171.0,243.0,180.0,252.0,0,23,4,2,2023,1
2023-02-24,249.0,423.0,345.0,258.0,255.0,189.0,252.0,225.0,249.0,246.0,297.0,249.0,294.0,0,24,5,2,2023,1
2023-02-25,423.0,345.0,258.0,255.0,189.0,252.0,294.0,369.0,276.0,411.0,375.0,423.0,342.0,0,25,6,2,2023,0
2023-02-26,345.0,258.0,255.0,189.0,252.0,294.0,342.0,456.0,534.0,399.0,348.0,345.0,507.0,0,26,7,2,2023,0
2023-02-27,258.0,255.0,189.0,252.0,294.0,342.0,507.0,270.0,261.0,297.0,189.0,258.0,294.0,0,27,1,2,2023,1
2023-02-28,255.0,189.0,252.0,294.0,342.0,507.0,294.0,171.0,249.0,213.0,267.0,255.0,486.0,1,28,2,2,2023,1
2023-03-01,189.0,252.0,294.0,342.0,507.0,294.0,486.0,174.0,201.0,252.0,264.0,189.0,171.0,0,1,3,3,2023,1
2023-03-02,252.0,294.0,342.0,507.0,294.0,486.0,171.0,261.0,171.0,243.0,180.0,252.0,258.0,0,2,4,3,2023,1
2023-03-03,294.0,342.0,507.0,294.0,486.0,171.0,258.0,249.0,246.0,297.0,249.0,294.0,273.0,0,3,5,3,2023,1
2023-03-04,342.0,507.0,294.0,486.0,171.0,258.0,273.0,276.0,411.0,375.0,423.0,342.0,303.0,0,4,6,3,2023,0
2023-03-05,507.0,294.0,486.0,171.0,258.0,273.0,303.0,534.0,399.0,348.0,345.0,507.0,429.0,0,5,7,3,2023,0
2023-03-06,294.0,486.0,171.0,258.0,273.0,303.0,429.0,261.0,297.0,189.0,258.0,294.0,201.0,0,6,1,3,2023,1
2023-03-07,486.0,171.0,258.0,273.0,303.0,429.0,201.0,249.0,213.0,267.0,255.0,486.0,168.0,0,7,2,3,2023,1
2023-03-08,171.0,258.0,273.0,303.0,429.0,201.0,168.0,201.0,252.0,264.0,189.0,171.0,183.0,0,8,3,3,2023,1
2023-03-09,258.0,273.0,303.0,429.0,201.0,168.0,183.0,171.0,243.0,180.0,252.0,258.0,177.0,0,9,4,3,2023,1
2023-03-10,273.0,303.0,429.0,201.0,168.0,183.0,177.0,246.0,297.0,249.0,294.0,273.0,255.0,0,10,5,3,2023,1
2023-03-11,303.0,429.0,201.0,168.0,183.0,177.0,255.0,411.0,375.0,423.0,342.0,303.0,312.0,0,11,6,3,2023,0
2023-03-12,429.0,201.0,168.0,183.0,177.0,255.0,312.0,399.0,348.0,345.0,507.0,429.0,276.0,0,12,7,3,2023,0
2023-03-13,201.0,168.0,183.0,177.0,255.0,312.0,276.0,297.0,189.0,258.0,294.0,201.0,150.0,0,13,1,3,2023,1
2023-03-14,168.0,183.0,177.0,255.0,312.0,276.0,150.0,213.0,267.0,255.0,486.0,168.0,219.0,0,14,2,3,2023,1
2023-03-15,183.0,177.0,255.0,312.0,276.0,150.0,219.0,252.0,264.0,189.0,171.0,183.0,192.0,0,15,3,3,2023,1
2023-03-16,177.0,255.0,312.0,276.0,150.0,219.0,192.0,243.0,180.0,252.0,258.0,177.0,255.0,0,16,4,3,2023,1
2023-03-17,255.0,312.0,276.0,150.0,219.0,192.0,255.0,297.0,249.0,294.0,273.0,255.0,177.0,0,17,5,3,2023,1
2023-03-18,312.0,276.0,150.0,219.0,192.0,255.0,177.0,375.0,423.0,342.0,303.0,312.0,327.0,0,18,6,3,2023,0
2023-03-19,276.0,150.0,219.0,192.0,255.0,177.0,327.0,348.0,345.0,507.0,429.0,276.0,369.0,0,19,7,3,2023,0
2023-03-20,150.0,219.0,192.0,255.0,177.0,327.0,369.0,189.0,258.0,294.0,201.0,150.0,153.0,0,20,1,3,2023,1
2023-03-21,219.0,192.0,255.0,177.0,327.0,369.0,153.0,267.0,255.0,486.0,168.0,219.0,216.0,0,21,2,3,2023,1
2023-03-22,192.0,255.0,177.0,327.0,369.0,153.0,216.0,264.0,189.0,171.0,183.0,192.0,216.0,0,22,3,3,2023,1
2023-03-23,255.0,177.0,327.0,369.0,153.0,216.0,216.0,180.0,252.0,258.0,177.0,255.0,270.0,0,23,4,3,2023,1
2023-03-24,177.0,327.0,369.0,153.0,216.0,216.0,270.0,249.0,294.0,273.0,255.0,177.0,150.0,0,24,5,3,2023,1
2023-03-25,327.0,369.0,153.0,216.0,216.0,270.0,150.0,423.0,342.0,303.0,312.0,327.0,309.0,0,25,6,3,2023,0
2023-03-26,369.0,153.0,216.0,216.0,270.0,150.0,309.0,345.0,507.0,429.0,276.0,369.0,321.0,0,26,7,3,2023,0
